Master Feature ID,Domain,Canonical KitLuy Capability,Primary Owner,Authority,Master Disposition,Earliest Phase,Phase Coverage,Source Platforms,Source Row Count,WooCommerce IDs,Toast IDs,Shopify IDs,Lightspeed IDs,Loyverse IDs,Source Classifications,Source Capability Names,Review Note,Owner Decision ID,Owner Decision Choice,Owner Decision Effective Date,Owner Decision,Owner Decision Rules
KLMF-AI-001,AI,"Permission-scoped AI Gateway, MCP and RAG",KitLuy AI Gateway / MCP / RAG,OWNER-LOCKED,PRESERVE OWNER-LOCKED AUTHORITY,Phase 1,Phase 1,"WooCommerce, Toast",2,KID-WC-001,KST-111,,,,ALREADY OWNER-LOCKED | KEEP KITLUY,"Commerce, webhook, media, reports, search, RAG and reconciliation jobs | AI, MCP and RAG governance",,,,,,
KLMF-API-001,API,"API versioning, idempotency, rate limits and errors",Shared Suite Governance & KitLuy Core,APPROVED TARGET,ADOPT / ADAPT CANDIDATE,Phase 1,Phase 1,WooCommerce,1,KLC-WC-003,,,,,CORE CANDIDATE,"Versioning, rate limits, idempotency and error contracts",,,,,,
KLMF-API-002,API,Bulk Management API operations,Management API,UNRESOLVED,ADOPT / ADAPT CANDIDATE,Phase 3,Phase 3,Shopify,1,,,KLS-SH-102,,,DEVELOPER PLATFORM,Bulk operations,,,,,,
KLMF-API-003,API,Four governed API surfaces,Shared Suite Governance & KitLuy Core,OWNER-LOCKED,PRESERVE OWNER-LOCKED AUTHORITY,Phase 1,Phase 1 foundation; through Phase 3,"WooCommerce, Toast, Shopify, Lightspeed",4,KMA-WC-005,KST-101,KLS-SH-005,KLS-LS-004,,ALREADY OWNER-LOCKED | ALREADY KITLUY-LOCKED,Four distinct API surfaces | Four separate API surfaces | Four governed API surfaces,,,,,,
KLMF-B2B-001,B2B,B2B company and company-location identity,Shared Suite Governance & KitLuy Core,UNRESOLVED,ADOPT / ADAPT CANDIDATE,Phase 3,Phase 3,Shopify,1,,,KLS-SH-081,,,B2B EXTENSION,Company and company-location identity,,,,,,
KLMF-CAT-001,CAT,Back Office,kitluy-partner-portal,APPROVED TARGET,ADOPT / ADAPT CANDIDATE,Phase 1,Phase 1,Loyverse,1,,,,,KL-LV-010,UX IMPROVEMENT,Back Office,,,,,,
KLMF-CAT-002,CAT,Barcode and scale input,Store Hub / kitluy-hub-agent,APPROVED TARGET,ADOPT / ADAPT CANDIDATE,Phase 1,Phase 1,Loyverse,1,,,,,KL-LV-029,UX IMPROVEMENT,Barcode and scale input,,,,,,
KLMF-CAT-003,CAT,Barcode-first checkout and large-catalog performance,kitluy-pos-desktop-app,APPROVED TARGET,PRESERVE / DEEPEN KITLUY TARGET,Phase 4,Phase 4,Lightspeed,1,,,,KLS-LS-032,,ALREADY LATER-PHASE TARGET,Barcode-first checkout and large-catalog performance,,,,,,
KLMF-CAT-004,CAT,Bulk product editor,kitluy-partner-portal,UNRESOLVED,ADOPT / ADAPT CANDIDATE,Phase 3,Phase 3,Shopify,1,,,KLS-SH-027,,,UX IMPROVEMENT,Bulk product editor,,,,,,
KLMF-CAT-005,CAT,"Bundles, kits and composite items",Shared Suite Governance & KitLuy Core,APPROVED TARGET,"PHASED: APPROVED FOUNDATION, DEFERRED DEPTH",Phase 2,Phase 2 foundation; through Phase 4,"WooCommerce, Lightspeed, Loyverse",3,KSF-WC-020,,,KLS-LS-019,KL-LV-057,ADOPT | LATER VERTICAL REUSE | DEFER,Grouped products | Bundles and kits | Composite items / recipes / production,,,,,,
KLMF-CAT-006,CAT,"Catalog lookup, search and filter projection",Shared Suite Governance & KitLuy Core,PLANNING CANDIDATE,ADOPT / ADAPT CANDIDATE,Phase 3,Phase 3,WooCommerce,1,KLC-WC-047,,,,,CORE CANDIDATE,Product lookup and filter projection,,,,,,
KLMF-CAT-007,CAT,Catalog publication lifecycle and channel availability,Shared Suite Governance & KitLuy Core,APPROVED TARGET,PRESERVE / DEEPEN KITLUY TARGET,Phase 3,Phase 3,Shopify,1,,,KLS-SH-018,,,ALREADY PHASE 3 TARGET,Products and lifecycle states,,,,,,
KLMF-CAT-008,CAT,"Categories, collections, tags and merchandising",Shared Suite Governance & KitLuy Core,APPROVED TARGET,ADOPT / ADAPT CANDIDATE,Phase 1,Phase 1 foundation; through Phase 3,"Shopify, Loyverse",2,,,KLS-SH-020,,KL-LV-028,PHASE 3 HORIZONTAL | UX IMPROVEMENT,Collections and automated merchandising | Search and category navigation,,,,,,
KLMF-CAT-009,CAT,Chain operations,kitluy-chain-portal,APPROVED TARGET,PRESERVE / DEEPEN KITLUY TARGET,Phase 1,Phase 1,Loyverse,1,,,,,KL-LV-013,KEEP KITLUY,Chain operations,,,,,,
KLMF-CAT-010,CAT,Chain Portal,Shared Suite Governance & KitLuy Core,APPROVED TARGET,PRESERVE / DEEPEN KITLUY TARGET,Phase 1,Phase 1,WooCommerce,1,KCH-WC-002,,,,,KEEP KITLUY,Chain Portal,,,,,,
KLMF-CAT-011,CAT,Channel-specific availability and catalog projections,Shared Suite Governance & KitLuy Core,OWNER-LOCKED,PRESERVE OWNER-LOCKED AUTHORITY,Phase 1,Phase 1,WooCommerce,1,KCA-WC-002,,,,,ALREADY OWNER-LOCKED,Channel-specific availability and catalog projections,,,,,,
KLMF-CAT-012,CAT,Counter POS,kitluy-pos-desktop-app,APPROVED TARGET,ADOPT / ADAPT CANDIDATE,Phase 1,Phase 1,Loyverse,1,,,,,KL-LV-009,UX IMPROVEMENT,Counter POS,,,,,,
KLMF-CAT-013,CAT,Customer and production displays,Store Hub / kitluy-hub-agent,OWNER-LOCKED,PRESERVE OWNER-LOCKED AUTHORITY,Phase 1,Phase 1,Loyverse,1,,,,,KL-LV-105,ADAPT,Customer and production displays,,,,,,
KLMF-CAT-014,CAT,Developer platform,Shared Suite Governance & KitLuy Core,APPROVED TARGET,ADOPT / ADAPT CANDIDATE,Phase 3,Phase 3,Loyverse,1,,,,,KL-LV-017,CORE CANDIDATE,Developer platform,,,,,,
KLMF-CAT-015,CAT,Editorial pages and commerce-focused content,KitLuy Storefront,UNRESOLVED,ADOPT / ADAPT CANDIDATE,Phase 3,Phase 3,Shopify,1,,,KLS-SH-030,,,PHASE 3 HORIZONTAL,Editorial pages and commerce-focused content,,,,,,
KLMF-CAT-016,CAT,External or affiliate products,Shared Suite Governance & KitLuy Core,UNRESOLVED,DEFER,Phase 3,Phase 3,WooCommerce,1,KSF-WC-032,,,,,DEFER,External or affiliate products,,,,,,
KLMF-CAT-017,CAT,Generic product metadata as transaction truth,Shared Suite Governance & KitLuy Core,OWNER-LOCKED,REJECT / ARCHITECTURAL GUARDRAIL,Unresolved,Unresolved,WooCommerce,1,KLC-WC-092,,,,,REJECT,Generic product metadata as transaction truth,,,,,,
KLMF-CAT-018,CAT,Governed extension ecosystem,Shared Suite Governance & KitLuy Core,OWNER-LOCKED,PRESERVE OWNER-LOCKED AUTHORITY,Phase 1,Phase 1,WooCommerce,1,KID-WC-020,,,,,ALREADY OWNER-LOCKED,Governed extension ecosystem,,,,,,
KLMF-CAT-019,CAT,"Home, catalog, category and detail pages",KitLuy Storefront,APPROVED TARGET,ADOPT / ADAPT CANDIDATE,Phase 3,Phase 3,WooCommerce,1,KSF-WC-014,,,,,ECOMMERCE VERTICAL,"Home, catalog, category and detail pages",,,,,,
KLMF-CAT-020,CAT,"Legacy Golf, Capital, NuORDER and acquired-product duplication",Shared Suite Governance & KitLuy Core,PLANNING CANDIDATE,REJECT / ARCHITECTURAL GUARDRAIL,Unresolved,Unresolved,Lightspeed,1,,,,KLS-LS-079,,REJECT,"Legacy Golf, Capital, NuORDER and acquired-product duplication",,,,,,
KLMF-CAT-021,CAT,Localized catalog content,Shared Suite Governance & KitLuy Core,PLANNING CANDIDATE,ADOPT / ADAPT CANDIDATE,Phase 3,Phase 3,WooCommerce,1,KSF-WC-021,,,,,CORE CANDIDATE,Localized catalog content,,,,,,
KLMF-CAT-022,CAT,"Market-specific domains, catalogs and pricing",KitLuy Storefront,UNRESOLVED,ADOPT / ADAPT CANDIDATE,Phase 3,Phase 3,Shopify,1,,,KLS-SH-086,,,INTERNATIONAL COMMERCE,"Market-specific domains, catalogs and pricing",,,,,,
KLMF-CAT-023,CAT,Media galleries,Shared Suite Governance & KitLuy Core,APPROVED TARGET,ADOPT / ADAPT CANDIDATE,Phase 3,Phase 3,WooCommerce,1,KSF-WC-022,,,,,ECOMMERCE VERTICAL,Media galleries,,,,,,
KLMF-CAT-024,CAT,Merchant-managed hosting as normal,Shared Suite Governance & KitLuy Core,OWNER-LOCKED,REJECT / ARCHITECTURAL GUARDRAIL,Unresolved,Unresolved,WooCommerce,1,KAD-WC-020,,,,,REJECT,Merchant-managed hosting as normal,,,,,,
KLMF-CAT-025,CAT,Metafields-like typed optional metadata,Integration Hub / Developer Platform,UNRESOLVED,ADOPT / ADAPT CANDIDATE,Phase 3,Phase 3,Shopify,1,,,KLS-SH-024,,,DEVELOPER PLATFORM,Metafields-like typed optional metadata,,,,,,
KLMF-CAT-026,CAT,Metaobjects-like reusable content types,Integration Hub / Developer Platform,UNRESOLVED,DEFER,Phase 3,Phase 3,Shopify,1,,,KLS-SH-025,,,DEFER,Metaobjects-like reusable content types,,,,,,
KLMF-CAT-027,CAT,"Neutral catalog item, service and offer model",Shared Suite Governance & KitLuy Core,APPROVED TARGET,PRESERVE / DEEPEN KITLUY TARGET,Phase 1,Phase 1 foundation; through Phase 3,"WooCommerce, Shopify, Lightspeed",3,KLC-WC-005,,KLS-SH-017,KLS-LS-015,,KEEP KITLUY | CORE CANDIDATE,Neutral catalog architecture | Neutral catalog item and offer model | Neutral catalog item with vertical roles,,,,,,
KLMF-CAT-028,CAT,Online commerce,KitLuy Storefront,OWNER-LOCKED,PRESERVE OWNER-LOCKED AUTHORITY,Phase 3,Phase 3,Loyverse,1,,,,,KL-LV-006,KEEP KITLUY,Online commerce,,,,,,
KLMF-CAT-029,CAT,Partner Portal and Partner App split,Shared Suite Governance & KitLuy Core,APPROVED TARGET,PRESERVE / DEEPEN KITLUY TARGET,Phase 1,Phase 1,WooCommerce,1,KPP-WC-012,,,,,KEEP KITLUY,Partner Portal and Partner App split,,,,,,
KLMF-CAT-030,CAT,Physical Store model,Store Hub / kitluy-hub-agent,OWNER-LOCKED,PRESERVE OWNER-LOCKED AUTHORITY,Phase 1,Phase 1,Loyverse,1,,,,,KL-LV-005,KEEP KITLUY,Physical Store model,,,,,,
KLMF-CAT-031,CAT,POS Desktop/Mobile,Shared Suite Governance & KitLuy Core,APPROVED TARGET,PRESERVE / DEEPEN KITLUY TARGET,Phase 1,Phase 1,WooCommerce,1,KPD-WC-001,,,,,KEEP KITLUY,POS Desktop/Mobile,,,,,,
KLMF-CAT-032,CAT,Production station/stage routing,Store Hub / kitluy-hub-agent,APPROVED TARGET,ADOPT / ADAPT CANDIDATE,Phase 1,Phase 1 foundation; through Phase 2,Loyverse,1,,,,,KL-LV-049,ADAPT,Production station/stage routing,,,,,,
KLMF-CAT-033,CAT,Search and faceted filters,KitLuy Storefront,APPROVED TARGET,ADOPT / ADAPT CANDIDATE,Phase 3,Phase 3,Shopify,1,,,KLS-SH-028,,,PHASE 3 HORIZONTAL,Search and faceted filters,,,,,,
KLMF-CAT-034,CAT,"SEO fields, canonical URLs and redirects",KitLuy Storefront,APPROVED TARGET,PRESERVE / DEEPEN KITLUY TARGET,Phase 3,Phase 3,Shopify,1,,,KLS-SH-029,,,ALREADY PHASE 3 TARGET,"SEO fields, canonical URLs and redirects",,,,,,
KLMF-CAT-035,CAT,Simple product and service items,Shared Suite Governance & KitLuy Core,APPROVED TARGET,ADOPT / ADAPT CANDIDATE,Phase 3,Phase 3,WooCommerce,1,KLC-WC-049,,,,,ECOMMERCE VERTICAL,Simple products,,,,,,
KLMF-CAT-036,CAT,"SKU, barcode and scan-code management",Shared Suite Governance & KitLuy Core,APPROVED TARGET,PRESERVE / DEEPEN KITLUY TARGET,Phase 1,Phase 1 foundation; through Phase 7,"WooCommerce, Lightspeed",3,KLC-WC-048,,,KLS-LS-017; KLS-LS-020,,CORE CANDIDATE | ALREADY LATER-PHASE TARGET,"SKU, barcode, categories and tags | SKU, barcode and fast lookup | Weighted products and embedded barcodes",,,,,,
KLMF-CAT-037,CAT,Social and search product feeds,Integration Hub / Developer Platform,PLANNING CANDIDATE,ADOPT / ADAPT CANDIDATE,Phase 3,Phase 3,Lightspeed,1,,,,KLS-LS-058,,ADOPT,Social and search product feeds,,,,,,
KLMF-CAT-038,CAT,Store Hub,Shared Suite Governance & KitLuy Core,OWNER-LOCKED,PRESERVE OWNER-LOCKED AUTHORITY,Phase 1,Phase 1,WooCommerce,1,KHB-WC-012,,,,,KEEP KITLUY,Store Hub,,,,,,
KLMF-CAT-039,CAT,T2/Production Display/T3/T4 during WAN outage,Store Hub / kitluy-hub-agent,OWNER-LOCKED,PRESERVE OWNER-LOCKED AUTHORITY,Phase 1,Phase 1,Loyverse,1,,,,,KL-LV-099,ADAPT,T2/Production Display/T3/T4 during WAN outage,,,,,,
KLMF-CAT-040,CAT,Variants and option dimensions,Shared Suite Governance & KitLuy Core,APPROVED TARGET,PRESERVE / DEEPEN KITLUY TARGET,Phase 3,Phase 3,Shopify,1,,,KLS-SH-019,,,ALREADY PHASE 3 TARGET,Variants and option dimensions,,,,,,
KLMF-CAT-041,CAT,"Variants, options, attributes and matrix products",Shared Suite Governance & KitLuy Core,OWNER-LOCKED,"PHASED: APPROVED FOUNDATION, DEFERRED DEPTH",Phase 3,Phase 3 foundation; through Phase 4,"WooCommerce, Lightspeed, Loyverse",3,KLC-WC-050,,,KLS-LS-016,KL-LV-056,CORE CANDIDATE | ALREADY PHASE 3 TARGET | DEFER,"Variable products, variants and attributes | Variants and matrix products | Variants and large SKU catalogs",,,,,,
KLMF-CAT-042,CAT,Vertical selection before catalog setup,kitluy-partner-portal,OWNER-LOCKED,PRESERVE OWNER-LOCKED AUTHORITY,Phase 1,Phase 1,Shopify,1,,,KLS-SH-011,,,KEEP KITLUY,Vertical selection before catalog setup,,,,,,
KLMF-CAT-043,CAT,Virtual products,Shared Suite Governance & KitLuy Core,APPROVED TARGET,ADOPT / ADAPT CANDIDATE,Phase 3,Phase 3,WooCommerce,1,KSF-WC-025,,,,,ECOMMERCE VERTICAL,Virtual products,,,,,,
KLMF-COM-001,COM,Accessibility and performance budgets,KitLuy Storefront,UNRESOLVED,ADOPT / ADAPT CANDIDATE,Phase 3,Phase 3,Shopify,1,,,KLS-SH-040,,,ADOPT,Accessibility and performance budgets,,,,,,
KLMF-COM-002,COM,Authenticated cart merge,Commerce Store API,APPROVED TARGET,ADOPT / ADAPT CANDIDATE,Phase 3,Phase 3,Shopify,1,,,KLS-SH-044,,,PHASE 3 HORIZONTAL,Authenticated cart merge,,,,,,
KLMF-COM-003,COM,"Billing, shipping and fulfilment address snapshots",Commerce Store API,OWNER-LOCKED,PRESERVE OWNER-LOCKED AUTHORITY,Phase 1,Phase 1 foundation; through Phase 3,WooCommerce,2,KLC-WC-051; KLC-WC-072,,,,,CORE CANDIDATE | ALREADY OWNER-LOCKED,Billing/shipping address validation and snapshots | Order addresses and operational data,,,,,,
KLMF-COM-004,COM,Cache invalidation and stale availability labels,KitLuy Storefront,UNRESOLVED,ADOPT / ADAPT CANDIDATE,Phase 3,Phase 3,Shopify,1,,,KLS-SH-041,,,ADAPT,Cache invalidation and stale availability labels,,,,,,
KLMF-COM-005,COM,Cart and commerce-session lifecycle,Commerce Store API,OWNER-LOCKED,PRESERVE OWNER-LOCKED AUTHORITY,Phase 1,Phase 1 foundation; through Phase 3,"WooCommerce, Shopify, Lightspeed",3,KCS-WC-003,,KLS-SH-043,KLS-LS-057,,ALREADY OWNER-LOCKED | ALREADY KITLUY-LOCKED,"Guest and customer carts | Guest carts and commerce sessions | Guest/customer carts, continuation and merge",,,,,,
KLMF-COM-006,COM,Cart expiration and session revocation,Commerce Store API,OWNER-LOCKED,PRESERVE OWNER-LOCKED AUTHORITY,Phase 1,Phase 1,WooCommerce,1,KCS-WC-007,,,,,ALREADY OWNER-LOCKED,Cart expiration and session revocation,,,,,,
KLMF-COM-007,COM,Cart tokens and server-side cart state,Commerce Store API,OWNER-LOCKED,PRESERVE OWNER-LOCKED AUTHORITY,Phase 1,Phase 1,WooCommerce,1,KCS-WC-002,,,,,ALREADY OWNER-LOCKED,Cart tokens and server-side cart state,,,,,,
KLMF-COM-008,COM,Channel attribution,Commerce Store API,OWNER-LOCKED,PRESERVE OWNER-LOCKED AUTHORITY,Phase 1,Phase 1,WooCommerce,1,KCS-WC-009,,,,,ALREADY OWNER-LOCKED,Channel attribution,,,,,,
KLMF-COM-009,COM,Checkout orchestration and single-page UX,Commerce Store API,APPROVED TARGET,PRESERVE / DEEPEN KITLUY TARGET,Phase 3,Phase 3,"WooCommerce, Shopify",2,KSF-WC-007,,KLS-SH-045,,,UX IMPROVEMENT | ALREADY PHASE 3 TARGET,Single-page checkout UX | One-page checkout orchestration,,,,,,
KLMF-COM-010,COM,Commerce analytics and conversion funnel,kitluy-partner-portal,APPROVED TARGET,ADOPT / ADAPT CANDIDATE,Phase 3,Phase 3,Shopify,1,,,KLS-SH-108,,,PHASE 3 HORIZONTAL,Commerce analytics and conversion funnel,,,,,,
KLMF-COM-011,COM,Commerce Store API,Shared Suite Governance & KitLuy Core,OWNER-LOCKED,PRESERVE OWNER-LOCKED AUTHORITY,Phase 1,Phase 1,WooCommerce,1,KCS-WC-001,,,,,ALREADY OWNER-LOCKED,Commerce Store API,,,,,,
KLMF-COM-012,COM,Commerce Store API maturity,Commerce Store API,OWNER-LOCKED,PRESERVE OWNER-LOCKED AUTHORITY,Phase 3,Phase 3,Shopify,1,,,KLS-SH-097,,,DEVELOPER PLATFORM,Commerce Store API maturity,,,,,,
KLMF-COM-013,COM,Cookie and nonce dependence for headless clients,Commerce Store API,OWNER-LOCKED,REJECT / ARCHITECTURAL GUARDRAIL,Unresolved,Unresolved,WooCommerce,1,KCS-WC-017,,,,,REJECT,Cookie and nonce dependence for headless clients,,,,,,
KLMF-COM-014,COM,Custom domain and SSL lifecycle,KitLuy Storefront,APPROVED TARGET,ADOPT / ADAPT CANDIDATE,Phase 3,Phase 3,WooCommerce,1,KSF-WC-013,,,,,ECOMMERCE VERTICAL,Custom domain and SSL lifecycle,,,,,,
KLMF-COM-015,COM,Customer lookup,Shared Suite Governance & KitLuy Core,APPROVED TARGET,ADOPT / ADAPT CANDIDATE,Phase 1,Phase 1,Loyverse,1,,,,,KL-LV-040,UX IMPROVEMENT,Customer lookup,,,,,,
KLMF-COM-016,COM,Customer-entered e-receipt destination,Shared Suite Governance & KitLuy Core,APPROVED TARGET,ADOPT / ADAPT CANDIDATE,Phase 1,Phase 1,Loyverse,1,,,,,KL-LV-038,UX IMPROVEMENT,Customer-entered e-receipt destination,,,,,,
KLMF-COM-017,COM,Digital control plane and storefront API health,Shared Suite Governance & KitLuy Core,OWNER-LOCKED,PRESERVE OWNER-LOCKED AUTHORITY,Phase 1,Phase 1 foundation; through Phase 3,WooCommerce,1,KAD-WC-012,,,,,ALREADY OWNER-LOCKED,Digital control plane and storefront API health,,,,,,
KLMF-COM-018,COM,Discount application,Shared Suite Governance & KitLuy Core,APPROVED TARGET,ADOPT / ADAPT CANDIDATE,Phase 1,Phase 1,Loyverse,1,,,,,KL-LV-032,UX IMPROVEMENT,Discount application,,,,,,
KLMF-COM-019,COM,Embeddable storefront widget,KitLuy Storefront,PLANNING CANDIDATE,ADOPT / ADAPT CANDIDATE,Phase 3,Phase 3,Lightspeed,1,,,,KLS-LS-056,,ADOPT,Embeddable storefront widget,,,,,,
KLMF-COM-020,COM,Embedded commerce / buy-button surface,KitLuy Storefront,UNRESOLVED,DEFER,Phase 3,Phase 3,Shopify,1,,,KLS-SH-038,,,DEFER,Embedded commerce / buy-button surface,,,,,,
KLMF-COM-021,COM,General CMS or blog engine,KitLuy Storefront,OWNER-LOCKED,REJECT / ARCHITECTURAL GUARDRAIL,Unresolved,Unresolved,WooCommerce,1,KSF-WC-036,,,,,REJECT,General CMS or blog engine,,,,,,
KLMF-COM-022,COM,Guest and registered-customer checkout,Commerce Store API,APPROVED TARGET,ADOPT / ADAPT CANDIDATE,Phase 3,Phase 3,WooCommerce,1,KSF-WC-004,,,,,ECOMMERCE VERTICAL,Guest and registered-customer checkout,,,,,,
KLMF-COM-023,COM,Headless storefront tokens and contexts,KitLuy Storefront,UNRESOLVED,ADOPT / ADAPT CANDIDATE,Phase 3,Phase 3,Shopify,1,,,KLS-SH-037,,,DEVELOPER PLATFORM,Headless storefront tokens and contexts,,,,,,
KLMF-COM-024,COM,Human approval and phase eligibility,Commerce Store API,OWNER-LOCKED,PRESERVE OWNER-LOCKED AUTHORITY,Phase 3,Phase 3,WooCommerce,1,KLC-WC-039,,,,,KEEP KITLUY,Human approval and phase eligibility,,,,,,
KLMF-COM-025,COM,Intake draft state,Shared Suite Governance & KitLuy Core,APPROVED TARGET,ADOPT / ADAPT CANDIDATE,Phase 1,Phase 1,Loyverse,1,,,,,KL-LV-030,ADAPT,Intake draft state,,,,,,
KLMF-COM-026,COM,Localization and currency presentation,KitLuy Storefront,APPROVED TARGET,PRESERVE / DEEPEN KITLUY TARGET,Phase 3,Phase 3,Shopify,1,,,KLS-SH-039,,,ALREADY PHASE 3 TARGET,Localization and currency presentation,,,,,,
KLMF-COM-027,COM,"Multi-device continuation, QR sessions and social deep links",Commerce Store API,OWNER-LOCKED,PRESERVE OWNER-LOCKED AUTHORITY,Phase 1,Phase 1,WooCommerce,1,KCS-WC-011,,,,,ALREADY OWNER-LOCKED,"Multi-device continuation, QR sessions and social deep links",,,,,,
KLMF-COM-028,COM,Offline checkout,Store Hub / kitluy-hub-agent,OWNER-LOCKED,PRESERVE OWNER-LOCKED AUTHORITY,Phase 1,Phase 1,Loyverse,1,,,,,KL-LV-042,KEEP KITLUY,Offline checkout,,,,,,
KLMF-COM-029,COM,Online checkout versus POS/T1 boundary,Shared Suite Governance & KitLuy Core,OWNER-LOCKED,PRESERVE OWNER-LOCKED AUTHORITY,Phase 1,Phase 1,WooCommerce,1,KCS-WC-004,,,,,KEEP KITLUY,Online checkout versus POS/T1 boundary,,,,,,
KLMF-COM-030,COM,Online ordering,KitLuy Storefront / Commerce Store API,APPROVED TARGET,PRESERVE / DEEPEN KITLUY TARGET,Phase 2,Phase 2,Toast,1,,KST-066,,,,ALREADY PHASE 2 TARGET,Online ordering,,,,,,
KLMF-COM-031,COM,Online storefront during physical Store outage,Shared Suite Governance & KitLuy Core,PLANNING CANDIDATE,ADOPT / ADAPT CANDIDATE,Phase 3,Phase 3,WooCommerce,1,KSF-WC-002,,,,,ADAPT,Online storefront during physical Store outage,,,,,,
KLMF-COM-032,COM,Order confirmation and customer notification,Shared Suite Governance & KitLuy Core,APPROVED TARGET,ADOPT / ADAPT CANDIDATE,Phase 3,Phase 3,WooCommerce,1,KSF-WC-006,,,,,ECOMMERCE VERTICAL,Order confirmation and customer notification,,,,,,
KLMF-COM-033,COM,"Pause, resume, cancel and expire",Commerce Store API,APPROVED TARGET,ADOPT / ADAPT CANDIDATE,Phase 3,Phase 3,WooCommerce,1,KCS-WC-016,,,,,ECOMMERCE VERTICAL,"Pause, resume, cancel and expire",,,,,,
KLMF-COM-034,COM,"Pickup, delivery and Store collection",Shared Suite Governance & KitLuy Core,APPROVED TARGET,ADOPT / ADAPT CANDIDATE,Phase 3,Phase 3,WooCommerce,1,KCS-WC-012,,,,,ECOMMERCE VERTICAL,"Pickup, delivery and Store collection",,,,,,
KLMF-COM-035,COM,"Policies, contact information and business hours",KitLuy Storefront,APPROVED TARGET,ADOPT / ADAPT CANDIDATE,Phase 3,Phase 3,WooCommerce,1,KSF-WC-029,,,,,ECOMMERCE VERTICAL,"Policies, contact information and business hours",,,,,,
KLMF-COM-036,COM,POS and KitLuy storefront projections,Shared Suite Governance & KitLuy Core,OWNER-LOCKED,PRESERVE OWNER-LOCKED AUTHORITY,Phase 1,Phase 1,WooCommerce,1,KID-WC-006,,,,,ALREADY OWNER-LOCKED,POS and KitLuy storefront projections,,,,,,
KLMF-COM-037,COM,Post-checkout account creation and order attachment,Shared Suite Governance & KitLuy Core,PLANNING CANDIDATE,ADOPT / ADAPT CANDIDATE,Phase 3,Phase 3,WooCommerce,1,KCS-WC-015,,,,,ADOPT,Post-checkout account creation and order attachment,,,,,,
KLMF-COM-038,COM,Price and availability revalidation,Shared Suite Governance & KitLuy Core,APPROVED TARGET,ADOPT / ADAPT CANDIDATE,Phase 3,Phase 3,Shopify,1,,,KLS-SH-046,,,CORE CANDIDATE,Price and availability revalidation,,,,,,
KLMF-COM-039,COM,Scheduled and future orders,Commerce Store API,PLANNING CANDIDATE,ADOPT / ADAPT CANDIDATE,Phase 2,Phase 2,Toast,1,,KST-064,,,,ADOPT,Scheduled/future orders,,,,,,
KLMF-COM-040,COM,"Search, filtering and sorting",KitLuy Storefront,APPROVED TARGET,ADOPT / ADAPT CANDIDATE,Phase 3,Phase 3,WooCommerce,1,KSF-WC-016,,,,,ECOMMERCE VERTICAL,"Search, filtering and sorting",,,,,,
KLMF-COM-041,COM,"SEO metadata, structured URLs and sitemap",KitLuy Storefront,APPROVED TARGET,ADOPT / ADAPT CANDIDATE,Phase 3,Phase 3,WooCommerce,1,KSF-WC-030,,,,,ECOMMERCE VERTICAL,"SEO metadata, structured URLs and sitemap",,,,,,
KLMF-COM-042,COM,"Separate Management, Commerce, Edge and Connector APIs",Integration Hub / Developer Platform,OWNER-LOCKED,PRESERVE OWNER-LOCKED AUTHORITY,All phases,All phases,Loyverse,1,,,,,KL-LV-085,KEEP KITLUY,"Separate Management, Commerce, Edge and Connector APIs",,,,,,
KLMF-COM-043,COM,Server-side validation and order review,Shared Suite Governance & KitLuy Core,PLANNING CANDIDATE,ADOPT / ADAPT CANDIDATE,Phase 3,Phase 3,WooCommerce,1,KCS-WC-006,,,,,ADAPT,Server-side validation and order review,,,,,,
KLMF-COM-044,COM,Social sharing and campaign landing pages,KitLuy Storefront,APPROVED TARGET,ADOPT / ADAPT CANDIDATE,Phase 3,Phase 3,WooCommerce,1,KSF-WC-035,,,,,HORIZONTAL AFTER PHASE 3,Social sharing and campaign landing pages,,,,,,
KLMF-COM-045,COM,Storefront availability and authoritative freshness,KitLuy Storefront,PLANNING CANDIDATE,ADOPT / ADAPT CANDIDATE,Phase 3,Phase 3,WooCommerce,1,KSF-WC-003,,,,,ADAPT,Storefront availability and authoritative freshness,,,,,,
KLMF-COM-046,COM,Storefront performance and caching,KitLuy Storefront,PLANNING CANDIDATE,ADOPT / ADAPT CANDIDATE,Phase 3,Phase 3,WooCommerce,1,KSF-WC-018,,,,,ADAPT,Storefront performance and caching,,,,,,
KLMF-COM-047,COM,Storefront publication from Digital Store,Shared Suite Governance & KitLuy Core,OWNER-LOCKED,PRESERVE OWNER-LOCKED AUTHORITY,Phase 3,Phase 3,WooCommerce,1,KSF-WC-010,,,,,ALREADY OWNER-LOCKED,Storefront publication from Digital Store,,,,,,
KLMF-COM-048,COM,Storefront status and rollback,kitluy-admin-portal,UNRESOLVED,ADOPT / ADAPT CANDIDATE,Phase 3,Phase 3,Shopify,1,,,KLS-SH-042,,,ADOPT,Storefront status and rollback,,,,,,
KLMF-COM-049,COM,Tax presentation,Shared Suite Governance & KitLuy Core,APPROVED TARGET,ADOPT / ADAPT CANDIDATE,Phase 1,Phase 1 foundation; through Phase 3,Loyverse,1,,,,,KL-LV-033,UX IMPROVEMENT,Tax presentation,,,,,,
KLMF-COM-050,COM,"WooCommerce, social, marketplace and delivery projections",Shared Suite Governance & KitLuy Core,OWNER-LOCKED,PRESERVE OWNER-LOCKED AUTHORITY,Phase 1,Phase 1,WooCommerce,1,KCA-WC-005,,,,,ALREADY OWNER-LOCKED,"WooCommerce, social, marketplace and delivery projections",,,,,,
KLMF-CUS-001,CUS,"BOPIS, ship-to-customer and any-location returns",kitluy-pos-desktop-app,APPROVED TARGET,PRESERVE / DEEPEN KITLUY TARGET,Phase 4,Phase 4 foundation; through Phase 6,Shopify,1,,,KLS-SH-092,,,ALREADY LATER-PHASE TARGET,"BOPIS, ship-to-customer and any-location returns",,,,,,
KLMF-CUS-002,CUS,"Layered Chain, Partner and platform moderation authority",kitluy-chain-portal,OWNER-LOCKED,PRESERVE OWNER-LOCKED AUTHORITY,Phase 3,Phase 3,WooCommerce,1,KCH-WC-005,,,,,NEEDS OWNER DECISION,"Chain, Partner and platform moderation authority","Owner-confirmed B on 2026-07-24: Use layered moderation authority: Partner for its Digital Store, Chain for chain standards and participating Stores, and HET only for platform safety, fraud, legal, privacy, abuse or policy intervention.",KLD-2026-07-24-001,B,2026-07-24,"Use layered moderation authority: Partner for its Digital Store, Chain for chain standards and participating Stores, and HET only for platform safety, fraud, legal, privacy, abuse or policy intervention.","Reason codes, appeals, overrides and immutable audit are mandatory; HET may not silently rewrite operational truth."
KLMF-CUS-003,CUS,Connector-owned customer records,Shared Suite Governance & KitLuy Core,OWNER-LOCKED,REJECT / ARCHITECTURAL GUARDRAIL,Unresolved,Unresolved,WooCommerce,1,KCA-WC-010,,,,,REJECT,Connector-owned customer records,,,,,,
KLMF-CUS-004,CUS,Customer account contract,Commerce Store API,PLANNING CANDIDATE,ADOPT / ADAPT CANDIDATE,Phase 3,Phase 3,Shopify,1,,,KLS-SH-098,,,PHASE 3 HORIZONTAL,Customer account contract,,,,,,
KLMF-CUS-005,CUS,"Customer account, history and self-service",KitLuy Storefront,APPROVED TARGET,PRESERVE / DEEPEN KITLUY TARGET,Phase 3,Phase 3,"WooCommerce, Shopify",2,KSF-WC-008,,KLS-SH-072,,,ECOMMERCE VERTICAL | ALREADY PHASE 3 TARGET,Booking/order history and self-service status | Customer accounts and self-service,,,,,,
KLMF-CUS-006,CUS,"Customer consent, privacy, export and deletion",Shared Suite Governance & KitLuy Core,APPROVED TARGET,APPROVED BASE + OWNER DECISION FOR OPTIONAL DEPTH,Phase 1,Phase 1 foundation; through Phase 3,"WooCommerce, Shopify, Loyverse",3,KLC-WC-053,,KLS-SH-075,,KL-LV-077,CORE CANDIDATE | NEEDS OWNER DECISION,"Marketing consent, export, deletion and privacy | Consent and privacy requests | Marketing consent",Review source-level classifications before activation.,,,,,
KLMF-CUS-007,CUS,Customer CRM profile and cross-channel history,Shared Suite Governance & KitLuy Core,APPROVED TARGET,ADOPT / ADAPT CANDIDATE,Phase 1,Phase 1 foundation; through Phase 3,"WooCommerce, Loyverse",2,KSF-WC-009,,,,KL-LV-073,ADOPT | UX IMPROVEMENT,"Customer profile and address book | Customer profiles, phone lookup and Booking history",,,,,,
KLMF-CUS-008,CUS,Customer groups and segmentation,Shared Suite Governance & KitLuy Core,UNRESOLVED,ADOPT / ADAPT CANDIDATE,Phase 3,Phase 3,Shopify,1,,,KLS-SH-074,,,PHASE 3 HORIZONTAL,Customer segments,,,,,,
KLMF-CUS-009,CUS,Customer mapping and transaction ingress,Shared Suite Governance & KitLuy Core,PLANNING CANDIDATE,ADOPT / ADAPT CANDIDATE,Phase 3,Phase 3,WooCommerce,1,KCA-WC-003,,,,,ADAPT,Customer mapping and transaction ingress,,,,,,
KLMF-CUS-010,CUS,Guest-order access,Shared Suite Governance & KitLuy Core,PLANNING CANDIDATE,ADOPT / ADAPT CANDIDATE,Phase 3,Phase 3,WooCommerce,1,KCS-WC-013,,,,,ADOPT,Guest-order access,,,,,,
KLMF-CUS-011,CUS,"Loyalty points, rewards and ledger",Shared Suite Governance & KitLuy Core,APPROVED TARGET,"PHASED: APPROVED FOUNDATION, DEFERRED DEPTH",Phase 1,Phase 1 foundation; through Phase 6,"Toast, Lightspeed, Loyverse",3,,KST-096,,KLS-LS-039,KL-LV-074,DEFER | ALREADY LATER-PHASE TARGET,Loyalty | Loyalty and customer groups | Loyalty ledger,,,,,,
KLMF-CUS-012,CUS,"Marketing campaigns, audiences and consent",kitluy-notification-service,PLANNING CANDIDATE,DEFER,Later / deferred phase,Later / deferred phase,Toast,1,,KST-097,,,,DEFER,Marketing campaigns,,,,,,
KLMF-CUS-013,CUS,"Offline customer lookup, pricing and promotion rules",Shared Suite Governance & KitLuy Core,APPROVED TARGET,PRESERVE / DEEPEN KITLUY TARGET,Phase 1,Phase 1,WooCommerce,1,KHB-WC-009,,,,,KEEP KITLUY,"Offline customer lookup, pricing and promotion rules",,,,,,
KLMF-CUS-014,CUS,Phone-first and passwordless identity,Shared Suite Governance & KitLuy Core,PLANNING CANDIDATE,ADOPT / ADAPT CANDIDATE,Phase 1,Phase 1 foundation; through Phase 3,Shopify,1,,,KLS-SH-073,,,ADAPT,Phone-first and passwordless identity,,,,,,
KLMF-CUS-015,CUS,POS/CDS points presentation and redemption,KitLuy Storefront,UNRESOLVED,DEFER,Later / deferred phase,Later / deferred phase,Loyverse,1,,,,,KL-LV-075,DEFER,POS/CDS points presentation and redemption,,,,,,
KLMF-CUS-016,CUS,"Reviews, ratings, moderation and trust",KitLuy Storefront,APPROVED TARGET,ADOPT / ADAPT CANDIDATE,Phase 3,Phase 3,"WooCommerce, Shopify",3,KPP-WC-014; KSF-WC-027,,KLS-SH-080,,,ADOPT | ECOMMERCE VERTICAL | PHASE 3 HORIZONTAL,"Moderation, spam handling and visibility | Product reviews and ratings | Reviews and recovery attribution",,,,,,
KLMF-CUS-017,CUS,Unified customer identity and guest conversion,Shared Suite Governance & KitLuy Core,OWNER-LOCKED,PRESERVE OWNER-LOCKED AUTHORITY,Phase 1,Phase 1 foundation; through Phase 3,"WooCommerce, Shopify, Loyverse",6,KLC-WC-008; KLC-WC-052; KLC-WC-076; KCS-WC-010,,KLS-SH-071,,KL-LV-076,CORE CANDIDATE | ECOMMERCE VERTICAL | ADOPT | PHASE 3 HORIZONTAL | KEEP KITLUY,Khmer phone and email identity | Guest and registered customer model | Multi-store and Chain customer identity | Guest-to-customer conversion and cart merge | Guest-to-customer conversion | Multi-store customer identity,,,,,,
KLMF-CUS-018,CUS,Vertical-qualified service reviews,KitLuy Storefront,APPROVED TARGET,ADOPT / ADAPT CANDIDATE,Phase 3,Phase 3,WooCommerce,1,KSF-WC-034,,,,,HORIZONTAL AFTER PHASE 3,Service reviews for qualified verticals,,,,,,
KLMF-DEV-001,DEV,Certified Android terminal profile,Shared Suite Governance & KitLuy Core,APPROVED TARGET,ADOPT / ADAPT CANDIDATE,Phase 1,Phase 1 foundation; through Phase 4,Loyverse,1,,,,,KL-LV-103,ADAPT,Certified Android terminal profile,,,,,,
KLMF-DEV-002,DEV,Certified hardware profiles and compatibility matrix,kitluy-admin-portal,OWNER-LOCKED,ADAPT WITH CERTIFICATION GUARDRAIL,Phase 1,Phase 1,"Lightspeed, Loyverse",2,,,,KLS-LS-067,KL-LV-108,ADAPT | REJECT,Certified hardware profiles and compatibility matrix | Arbitrary unsupported hardware,,,,,,
KLMF-DEV-003,DEV,Device outbox and Store Hub event queue,Shared Suite Governance & KitLuy Core,APPROVED TARGET,PRESERVE / DEEPEN KITLUY TARGET,Phase 1,Phase 1,WooCommerce,1,KHB-WC-008,,,,,KEEP KITLUY,Device outbox and Store Hub event queue,,,,,,
KLMF-DEV-004,DEV,"Device recovery, reprovisioning and revocation",kitluy-admin-portal,APPROVED TARGET,ADOPT / ADAPT CANDIDATE,Phase 1,Phase 1,Loyverse,1,,,,,KL-LV-026,UX IMPROVEMENT,"Recovery, reprovisioning and revocation",,,,,,
KLMF-DEV-005,DEV,"Device registration, certificates and trust",kitluy-admin-portal,OWNER-LOCKED,PRESERVE OWNER-LOCKED AUTHORITY,Phase 1,Phase 1,WooCommerce,1,KAD-WC-002,,,,,KEEP KITLUY,Device registration and certificates,,,,,,
KLMF-DEV-006,DEV,"Device revocation, replacement and remote diagnostics",kitluy-admin-portal,APPROVED TARGET,PRESERVE / DEEPEN KITLUY TARGET,Phase 1,Phase 1,"WooCommerce, Loyverse",2,KAD-WC-003,,,,KL-LV-107,KEEP KITLUY | UX IMPROVEMENT,Device revocation and remote diagnostics | Lost/stolen device revocation,,,,,,
KLMF-DEV-007,DEV,Device role assignment,kitluy-admin-portal,OWNER-LOCKED,PRESERVE OWNER-LOCKED AUTHORITY,Phase 1,Phase 1,Loyverse,1,,,,,KL-LV-022,KEEP KITLUY,Device role assignment,,,,,,
KLMF-DEV-008,DEV,Digital Store-first Hub and terminal provisioning,kitluy-admin-portal,OWNER-LOCKED,PRESERVE OWNER-LOCKED AUTHORITY,Phase 1,Phase 1,"WooCommerce, Loyverse",2,KAD-WC-001,,,,KL-LV-020,ALREADY OWNER-LOCKED | KEEP KITLUY,Physical provisioning after Digital Store | Store Hub provisioning,,,,,,
KLMF-DEV-009,DEV,"Electron, React Native and Expo clients",Shared Suite Governance & KitLuy Core,APPROVED TARGET,PRESERVE / DEEPEN KITLUY TARGET,Phase 1,Phase 1,WooCommerce,1,KPD-WC-007,,,,,KEEP KITLUY,"Electron, React Native and Expo clients",,,,,,
KLMF-DEV-010,DEV,Hardware ownership,Shared Suite Governance & KitLuy Core,PLANNING CANDIDATE,REJECT / ARCHITECTURAL GUARDRAIL,All phases,All phases,Toast,1,,KST-010,,,,REJECT,Hardware ownership,,,,,,
KLMF-DEV-011,DEV,Plugin conflicts as accepted operating condition,Shared Suite Governance & KitLuy Core,OWNER-LOCKED,REJECT / ARCHITECTURAL GUARDRAIL,Unresolved,Unresolved,WooCommerce,1,KHB-WC-014,,,,,REJECT,Plugin conflicts as accepted operating condition,,,,,,
KLMF-DEV-012,DEV,Printer fallback and duplicate suppression,Store Hub / kitluy-hub-agent,PLANNING CANDIDATE,ADOPT / ADAPT CANDIDATE,Phase 1,Phase 1 foundation; through Phase 2,Toast,1,,KST-062,,,,CORE CANDIDATE,Printer fallback and duplicate suppression,,,,,,
KLMF-DEV-013,DEV,Printer/scanner/scale/drawer setup,Store Hub / kitluy-hub-agent,APPROVED TARGET,ADOPT / ADAPT CANDIDATE,Phase 1,Phase 1,Loyverse,1,,,,,KL-LV-023,UX IMPROVEMENT,Printer/scanner/scale/drawer setup,,,,,,
KLMF-DEV-014,DEV,"Printers, scanners, scales, drawers and displays",Store Hub / kitluy-hub-agent,APPROVED TARGET,PRESERVE / DEEPEN KITLUY TARGET,Phase 1,Phase 1,"WooCommerce, Loyverse",3,KAD-WC-013; KHB-WC-003,,,,KL-LV-104,KEEP KITLUY | UX IMPROVEMENT,"Store Hubs, POS, T1-T4 and peripherals | Printers, scanners, scales, drawers and displays | ESC/POS, HID scanners, scales and drawer",,,,,,
KLMF-DEV-015,DEV,Proprietary hardware dependence,Shared Suite Governance & KitLuy Core,PLANNING CANDIDATE,REJECT / ARCHITECTURAL GUARDRAIL,All phases,All phases,Toast,1,,KST-114,,,,REJECT,Proprietary hardware dependence,,,,,,
KLMF-DEV-016,DEV,Raspberry Pi Store Hub and Electron terminals,Store Hub / kitluy-hub-agent,OWNER-LOCKED,PRESERVE OWNER-LOCKED AUTHORITY,Phase 1,Phase 1,Loyverse,1,,,,,KL-LV-102,KEEP KITLUY,Raspberry Pi Store Hub and Electron terminals,,,,,,
KLMF-DEV-017,DEV,Raspberry Pi Store Hub and terminal architecture,Shared Suite Governance & KitLuy Core,OWNER-LOCKED,PRESERVE OWNER-LOCKED AUTHORITY,Phase 1,Phase 1,WooCommerce,1,KHB-WC-004,,,,,KEEP KITLUY,Raspberry Pi Store Hub and terminal architecture,,,,,,
KLMF-DEV-018,DEV,Reject cloud-only printing for offline Stores,Store Hub / kitluy-hub-agent,PLANNING CANDIDATE,REJECT / ARCHITECTURAL GUARDRAIL,Phase 1,Phase 1,Toast,1,,KST-107,,,,REJECT,Cloud-only print relay,,,,,,
KLMF-DEV-019,DEV,Store Hub discovery and terminal pairing,Store Hub / kitluy-hub-agent,OWNER-LOCKED,PRESERVE OWNER-LOCKED AUTHORITY,Phase 1,Phase 1,"WooCommerce, Toast, Loyverse",3,KHB-WC-002,KST-108,,,KL-LV-021,KEEP KITLUY | UX IMPROVEMENT,Hub discovery and terminal pairing | Device pairing | Terminal pairing,,,,,,
KLMF-DEV-020,DEV,Terminal-side short-lived outbox,Shared Suite Governance & KitLuy Core,UNRESOLVED,ADOPT / ADAPT CANDIDATE,Later / deferred phase,Later / deferred phase,Loyverse,1,,,,,KL-LV-096,ADAPT,Terminal-side short-lived outbox,,,,,,
KLMF-DEV-021,DEV,Versioned configuration deployment,Shared Suite Governance & KitLuy Core,OWNER-LOCKED,PRESERVE OWNER-LOCKED AUTHORITY,Phase 1,Phase 1,WooCommerce,1,KMA-WC-003,,,,,ALREADY OWNER-LOCKED,Versioned configuration deployment,,,,,,
KLMF-EDGE-001,EDGE,Arbitrary code in core transaction path,Store Hub / kitluy-hub-agent,OWNER-LOCKED,REJECT / ARCHITECTURAL GUARDRAIL,Unresolved,Unresolved,WooCommerce,1,KID-WC-026,,,,,REJECT,Arbitrary code in core transaction path,,,,,,
KLMF-EDGE-002,EDGE,Cached versus authoritative cloud data,Shared Suite Governance & KitLuy Core,OWNER-LOCKED,PRESERVE OWNER-LOCKED AUTHORITY,Phase 1,Phase 1,Loyverse,1,,,,,KL-LV-101,KEEP KITLUY,Cached versus authoritative cloud data,,,,,,
KLMF-EDGE-003,EDGE,Cloud configuration authority and local operational truth,Store Hub / kitluy-hub-agent,OWNER-LOCKED,PRESERVE OWNER-LOCKED AUTHORITY,Phase 1,Phase 1,WooCommerce,1,KHB-WC-001,,,,,KEEP KITLUY,Cloud configuration truth plus local operational truth,,,,,,
KLMF-EDGE-004,EDGE,"Connector credentials, health, mapping, retry and audit",Store Hub / kitluy-hub-agent,APPROVED TARGET,PRESERVE / DEEPEN KITLUY TARGET,Phase 1,Phase 1,WooCommerce,1,KID-WC-013,,,,,KEEP KITLUY,"Connector credentials, health, mapping, retry and audit",,,,,,
KLMF-EDGE-005,EDGE,Extension manifests and declared permissions,Store Hub / kitluy-hub-agent,OWNER-LOCKED,PRESERVE OWNER-LOCKED AUTHORITY,Phase 1,Phase 1,WooCommerce,1,KID-WC-015,,,,,ALREADY OWNER-LOCKED,Extension manifests and declared permissions,,,,,,
KLMF-EDGE-006,EDGE,"Install, activate, suspend and remove lifecycle",Store Hub / kitluy-hub-agent,OWNER-LOCKED,PRESERVE OWNER-LOCKED AUTHORITY,Phase 1,Phase 1,WooCommerce,1,KAD-WC-015,,,,,ALREADY OWNER-LOCKED,"Install, activate, suspend and remove lifecycle",,,,,,
KLMF-EDGE-007,EDGE,"Offline operational files, images, thumbnails and receipts",Store Hub / kitluy-hub-agent,APPROVED TARGET,PRESERVE / DEEPEN KITLUY TARGET,Phase 1,Phase 1,"WooCommerce, Toast, Loyverse",3,KFS-WC-002,KST-112,,,KL-LV-098,KEEP KITLUY,"Offline files, thumbnails and receipts | Operational files and thumbnails offline | Offline files and images",,,,,,
KLMF-EDGE-008,EDGE,Offline promotion enforcement,Shared Suite Governance & KitLuy Core,APPROVED TARGET,PRESERVE / DEEPEN KITLUY TARGET,Phase 1,Phase 1,WooCommerce,1,KHB-WC-013,,,,,KEEP KITLUY,Offline promotion enforcement,,,,,,
KLMF-EDGE-009,EDGE,"Offline sync, outbox/inbox, cursors and conflict policy",Store Hub / kitluy-hub-agent,APPROVED TARGET,PRESERVE / DEEPEN KITLUY TARGET,Phase 1,Phase 1,"WooCommerce, Toast, Shopify, Loyverse",5,KHB-WC-007,KST-106,KLS-SH-095,,KL-LV-095; KL-LV-097,KEEP KITLUY | ADAPT,"Cloud sync cursors, idempotency, retry and conflict policy | Sync conflict policy | POS offline sync and conflict policy | Local database and Hub outbox/inbox | Conflict handling, sync cursor and idempotency",,,,,,
KLMF-EDGE-010,EDGE,POS and LAN operation during WAN failure,Shared Suite Governance & KitLuy Core,OWNER-LOCKED,PRESERVE OWNER-LOCKED AUTHORITY,Phase 1,Phase 1,WooCommerce,1,KHB-WC-010,,,,,KEEP KITLUY,POS and LAN operation during WAN failure,,,,,,
KLMF-EDGE-011,EDGE,Reconnect recovery and operator UX,Store Hub / kitluy-hub-agent,APPROVED TARGET,ADOPT / ADAPT CANDIDATE,Phase 1,Phase 1,"WooCommerce, Loyverse",2,KSF-WC-001,,,,KL-LV-100,ADAPT | UX IMPROVEMENT,Inventory/capacity freshness and reconnect recovery | Reconnection UX,,,,,,
KLMF-EDGE-012,EDGE,Store Hub local operational authority and database,Store Hub / kitluy-hub-agent,OWNER-LOCKED,PRESERVE OWNER-LOCKED AUTHORITY,Phase 1,Phase 1,"WooCommerce, Toast, Shopify, Lightspeed, Loyverse",5,KHB-WC-011,KST-016,KLS-SH-094,KLS-LS-003,KL-LV-094,KEEP KITLUY,Store Hub local database and authority | Store Hub local authority | Store Hub local operational authority,,,,,,
KLMF-EDGE-013,EDGE,Store LAN communication and local service discovery,Store Hub / kitluy-hub-agent,OWNER-LOCKED,PRESERVE OWNER-LOCKED AUTHORITY,Phase 1,Phase 1,Loyverse,1,,,,,KL-LV-054,KEEP KITLUY,LAN communication,,,,,,
KLMF-EDGE-014,EDGE,"Sync status, retry and conflict handling",Shared Suite Governance & KitLuy Core,OWNER-LOCKED,PRESERVE OWNER-LOCKED AUTHORITY,Phase 1,Phase 1,WooCommerce,1,KID-WC-007,,,,,ALREADY OWNER-LOCKED,"Sync status, retry and conflict handling",,,,,,
KLMF-EDGE-015,EDGE,Synchronous validation versus asynchronous lifecycle events,KitLuy AI Gateway / MCP / RAG,PLANNING CANDIDATE,ADOPT / ADAPT CANDIDATE,Phase 1,Phase 1,WooCommerce,1,KID-WC-010,,,,,ADAPT,Synchronous validation versus asynchronous lifecycle events,,,,,,
KLMF-EDGE-016,EDGE,Versioned configuration projection to Store Locations,Store Hub / kitluy-hub-agent,OWNER-LOCKED,PRESERVE OWNER-LOCKED AUTHORITY,Phase 1,Phase 1,WooCommerce,1,KMA-WC-002,,,,,ALREADY OWNER-LOCKED,Configuration projection to Locations,,,,,,
KLMF-EDGE-017,EDGE,Versioned server-wins configuration,Shared Suite Governance & KitLuy Core,OWNER-LOCKED,PRESERVE OWNER-LOCKED AUTHORITY,Phase 1,Phase 1,WooCommerce,1,KMA-WC-004,,,,,ALREADY OWNER-LOCKED,Versioned server-wins configuration,,,,,,
KLMF-FILE-001,FILE,Catalog media library and transformations,kitluy-file-service,APPROVED TARGET,PRESERVE / DEEPEN KITLUY TARGET,Phase 3,Phase 3,Shopify,1,,,KLS-SH-022,,,ALREADY PHASE 3 TARGET,Media library and transformations,,,,,,
KLMF-FILE-002,FILE,Digital goods and protected downloads,kitluy-file-service,APPROVED TARGET,PRESERVE / DEEPEN KITLUY TARGET,Phase 3,Phase 3,"WooCommerce, Shopify, Lightspeed",4,KSF-WC-023; KSF-WC-024,,KLS-SH-023,KLS-LS-061,,ECOMMERCE VERTICAL | PHASE 3 HORIZONTAL | ALREADY PHASE 3 TARGET,"Virtual and downloadable products | Downloadable products | Digital goods and protected downloads | Product reviews, SEO and digital goods",,,,,,
KLMF-FILE-003,FILE,File ownership and audit,Shared Suite Governance & KitLuy Core,APPROVED TARGET,PRESERVE / DEEPEN KITLUY TARGET,Phase 1,Phase 1,WooCommerce,1,KFS-WC-001,,,,,KEEP KITLUY,File ownership and audit,,,,,,
KLMF-FILE-004,FILE,Membership documents and service entitlements,kitluy-file-service,APPROVED TARGET,ADOPT / ADAPT CANDIDATE,Phase 3,Phase 3,WooCommerce,1,KLC-WC-091,,,,,HORIZONTAL AFTER PHASE 3,Membership documents and service entitlements,,,,,,
KLMF-FIN-001,FIN,Business date and operational-day boundary,Shared Suite Governance & KitLuy Core,PLANNING CANDIDATE,ADOPT / ADAPT CANDIDATE,Phase 1,Phase 1 foundation; through Phase 2,Toast,1,,KST-054,,,,CORE CANDIDATE,Business date,,,,,,
KLMF-FIN-002,FIN,Cash drawer sessions and cash movements,Shared Suite Governance & KitLuy Core,APPROVED TARGET,ADOPT / ADAPT CANDIDATE,Phase 1,Phase 1 foundation; through Phase 8,"Toast, Lightspeed, Loyverse",3,,KST-079,,KLS-LS-034,KL-LV-070,CORE CANDIDATE | UX IMPROVEMENT,"Cash drawer | Pay in, pay out, safe drop and cash deposit | Cash drawer, pay-in and pay-out",,,,,,
KLMF-FIN-003,FIN,"Cost, COGS and margin attributes",Shared Suite Governance & KitLuy Core,PLANNING CANDIDATE,ADOPT / ADAPT CANDIDATE,Phase 2,Phase 2 foundation; through Phase 3,"WooCommerce, Toast",2,KLC-WC-075,KST-093,,,,CORE CANDIDATE | ADOPT,COGS and margin attributes | Food cost and theoretical vs actual,,,,,,
KLMF-FIN-004,FIN,Cost-based rate limiting and query budgets,Shared Suite Governance & KitLuy Core,UNRESOLVED,ADOPT / ADAPT CANDIDATE,Phase 3,Phase 3,Shopify,1,,,KLS-SH-103,,,ADAPT,Cost-based rate limiting and query budgets,,,,,,
KLMF-FIN-005,FIN,"Operational finance subledger, liabilities and accounting exports",Shared Suite Governance & KitLuy Core,OWNER-LOCKED,PRESERVE OWNER-LOCKED AUTHORITY,Phase 1,Phase 1 foundation; extended by later verticals,WooCommerce,1,KLC-WC-094,,,,,NEEDS OWNER DECISION,"Revenue recognition, refunds and liabilities","Owner-confirmed B on 2026-07-24: KitLuy owns the authoritative operational finance subledger, liabilities, reconciliation and accountant-ready exports/connectors, but is not initially a complete statutory ERP/general ledger.",KLD-2026-07-24-001,B,2026-07-24,"KitLuy owns the authoritative operational finance subledger, liabilities, reconciliation and accountant-ready exports/connectors, but is not initially a complete statutory ERP/general ledger.",Finalized financial records remain append-only; statutory accounting and revenue-recognition mappings require qualified human approval.
KLMF-FIN-006,FIN,Landed-cost allocation,kitluy-partner-portal,PLANNING CANDIDATE,ADOPT / ADAPT CANDIDATE,Phase 4,Phase 4 foundation; through Phase 6,Lightspeed,1,,,,KLS-LS-028,,ADAPT,Landed-cost allocation,,,,,,
KLMF-FIN-007,FIN,Partner account before Store creation,Shared Suite Governance & KitLuy Core,APPROVED TARGET,PRESERVE / DEEPEN KITLUY TARGET,Phase 1,Phase 1,WooCommerce,1,KPP-WC-002,,,,,KEEP KITLUY,Partner account before Store creation,,,,,,
KLMF-FIN-008,FIN,Register sessions and business-day close,Shared Suite Governance & KitLuy Core,APPROVED TARGET,PRESERVE / DEEPEN KITLUY TARGET,Phase 1,Phase 1 foundation; through Phase 2,"Toast, Lightspeed",2,,KST-082,,KLS-LS-033,,ALREADY PHASE 2 TARGET | CORE CANDIDATE,Business-day close | Register sessions and business-day close,,,,,,
KLMF-FIN-009,FIN,"Safe drops, deposits and cash-office controls",Shared Suite Governance & KitLuy Core,PLANNING CANDIDATE,ADOPT / ADAPT CANDIDATE,Phase 2,Phase 2,Toast,1,,KST-080,,,,ADOPT,Safe drop and deposit,,,,,,
KLMF-FIN-010,FIN,Service-charge rules and reporting,Shared Suite Governance & KitLuy Core,APPROVED TARGET,PRESERVE / DEEPEN KITLUY TARGET,Phase 2,Phase 2,Toast,1,,KST-085,,,,ALREADY PHASE 2 TARGET,Service charges,,,,,,
KLMF-FIN-011,FIN,"Tips, distribution and reporting",Shared Suite Governance & KitLuy Core,APPROVED TARGET,PRESERVE / DEEPEN KITLUY TARGET,Phase 2,Phase 2,Toast,2,,KST-083; KST-084,,,,ALREADY PHASE 2 TARGET | ADOPT,Tips | Tip pools by points/percent/service period,,,,,,
KLMF-FUL-001,FUL,Channel context and fulfillment records,Shared Suite Governance & KitLuy Core,OWNER-LOCKED,PRESERVE OWNER-LOCKED AUTHORITY,Phase 1,Phase 1,WooCommerce,1,KLC-WC-071,,,,,ALREADY OWNER-LOCKED,Channel context and fulfillment records,,,,,,
KLMF-FUL-002,FUL,Delivery workspace and dispatch,kitluy-pos-desktop-app,APPROVED TARGET,PRESERVE / DEEPEN KITLUY TARGET,Phase 2,Phase 2,Toast,1,,KST-068,,,,ALREADY PHASE 2 TARGET,Delivery workspace and dispatch,,,,,,
KLMF-FUL-003,FUL,"Flat rate, free shipping and local pickup",Shared Suite Governance & KitLuy Core,APPROVED TARGET,ADOPT / ADAPT CANDIDATE,Phase 3,Phase 3,WooCommerce,1,KCS-WC-014,,,,,ECOMMERCE VERTICAL,"Flat rate, free shipping and local pickup",,,,,,
KLMF-FUL-004,FUL,"Fulfilment status, tracking and customer events",Shared Suite Governance & KitLuy Core,APPROVED TARGET,PRESERVE / DEEPEN KITLUY TARGET,Phase 3,Phase 3,"WooCommerce, Shopify",2,KLC-WC-065,,KLS-SH-065,,,ECOMMERCE VERTICAL | ALREADY PHASE 3 TARGET,Fulfillment status and shipment tracking | Tracking and fulfilment events,,,,,,
KLMF-FUL-005,FUL,Fulfilment work order/entity,Shared Suite Governance & KitLuy Core,UNRESOLVED,ADOPT / ADAPT CANDIDATE,Phase 3,Phase 3,Shopify,1,,,KLS-SH-063,,,CORE CANDIDATE,Fulfilment work order/entity,,,,,,
KLMF-FUL-006,FUL,Neutral fulfilment core with vertical terminology adapters,Shared Suite Governance & KitLuy Core,OWNER-LOCKED,PRESERVE OWNER-LOCKED AUTHORITY,Phase 1,Phase 1,WooCommerce,1,KLC-WC-037,,,,,KEEP KITLUY,Generic fulfillment Core versus vertical terminology,,,,,,
KLMF-FUL-007,FUL,Partial and split fulfilment,Shared Suite Governance & KitLuy Core,APPROVED TARGET,ADOPT / ADAPT CANDIDATE,Phase 3,Phase 3,"WooCommerce, Shopify",2,KLC-WC-082,,KLS-SH-064,,,ADOPT | PHASE 3 HORIZONTAL,Partial and split fulfillment | Split and partial fulfilment,,,,,,
KLMF-FUL-008,FUL,"Pickup, delivery, service areas and time windows",Shared Suite Governance & KitLuy Core,OWNER-LOCKED,PRESERVE OWNER-LOCKED AUTHORITY,Phase 1,Phase 1 foundation; through Phase 3,"WooCommerce, Shopify",4,KLC-WC-054; KLC-WC-057; KLC-WC-066,,KLS-SH-048,,,ALREADY OWNER-LOCKED | ADAPT | ALREADY PHASE 3 TARGET,"Appointment, pickup and delivery windows | Local delivery practices | Service areas, pickup windows and delivery windows | Shipping, pickup and local delivery selection",,,,,,
KLMF-FUL-009,FUL,Returns and exchanges,Shared Suite Governance & KitLuy Core,APPROVED TARGET,PRESERVE / DEEPEN KITLUY TARGET,Phase 6,Phase 6,Lightspeed,1,,,,KLS-LS-035,,ALREADY LATER-PHASE TARGET,Returns and exchanges,,,,,,
KLMF-FUL-010,FUL,Shipping labels and carrier aggregation,Integration Hub / Developer Platform,PLANNING CANDIDATE,DEFER,Phase 3,Phase 3,Shopify,1,,,KLS-SH-066,,,DEFER,Shipping labels and carrier aggregation,,,,,,
KLMF-FUL-011,FUL,"Shipping zones, classes and geographic matching",Shared Suite Governance & KitLuy Core,APPROVED TARGET,ADOPT / ADAPT CANDIDATE,Phase 3,Phase 3,WooCommerce,2,KLC-WC-067; KLC-WC-083,,,,,ECOMMERCE VERTICAL | ADOPT,Shipping zones and geographic matching | Shipping classes,,,,,,
KLMF-FUL-012,FUL,Two-level station→expediter fulfillment,Restaurant KDS client,PLANNING CANDIDATE,ADOPT / ADAPT CANDIDATE,Phase 2,Phase 2,Toast,1,,KST-059,,,,ADOPT,Two-level station→expediter fulfillment,,,,,,
KLMF-GOV-001,GOV,Competitor clone/reference status guardrail,Shared Suite Governance & KitLuy Core,OWNER-LOCKED,PRESERVE REFERENCE-ONLY GUARDRAIL,Phase 4,Phase 4,Shopify,2,,,KLS-SH-007; KLS-SH-089,,,REJECT | ADAPT,Clone codename and architecture status | Shopify POS as retail reference only,,,,,,
KLMF-GOV-002,GOV,Digital Store and Store Location separation,Shared Suite Governance & KitLuy Core,OWNER-LOCKED,PRESERVE OWNER-LOCKED AUTHORITY,Phase 1,Phase 1,"WooCommerce, Toast, Shopify",3,KLC-WC-009,KST-004,KLS-SH-003,,,ALREADY OWNER-LOCKED | ALREADY KITLUY-LOCKED,Digital Store and Store Location separation | Digital Store vs Store Location,,,,,,
KLMF-GOV-003,GOV,Digital Store control plane,Shared Suite Governance & KitLuy Core,OWNER-LOCKED,PRESERVE OWNER-LOCKED AUTHORITY,Phase 1,Phase 1,"WooCommerce, Toast, Shopify, Lightspeed, Loyverse",5,KLC-WC-010,KST-003,KLS-SH-001,KLS-LS-001,KL-LV-004,ALREADY OWNER-LOCKED | ALREADY KITLUY-LOCKED | KEEP KITLUY,Digital Store control plane,,,,,,
KLMF-GOV-004,GOV,Digital Store operating-system identity,Shared Suite Governance & KitLuy Core,OWNER-LOCKED,PRESERVE OWNER-LOCKED AUTHORITY,Phase 1,Phase 1,"WooCommerce, Toast, Loyverse",3,KLC-WC-031,KST-001,,,KL-LV-001,ALREADY OWNER-LOCKED | KEEP KITLUY,Digital Store operating-system identity | Product identity,,,,,,
KLMF-GOV-005,GOV,"Do not copy competitor plans, gates or commercial limits",kitluy-admin-portal,PLANNING CANDIDATE,REJECT / ARCHITECTURAL GUARDRAIL,Unresolved,Unresolved,Shopify,1,,,KLS-SH-111,,,REJECT,"Exact Shopify plans, gates and limits",,,,,,
KLMF-GOV-006,GOV,"Feature flags, entitlements and plan controls",kitluy-admin-portal,APPROVED TARGET,APPROVED BASE + OWNER DECISION FOR OPTIONAL DEPTH,Phase 1,Phase 1,"WooCommerce, Shopify, Loyverse",3,KAD-WC-017,,KLS-SH-006,,KL-LV-008,KEEP KITLUY | CORE CANDIDATE | NEEDS OWNER DECISION,"Add-ons, plans and entitlements | Feature flags and entitlements | Free core and paid add-ons",Review source-level classifications before activation.,,,,,
KLMF-GOV-007,GOV,HET Admin control plane,kitluy-admin-portal,APPROVED TARGET,PRESERVE / DEEPEN KITLUY TARGET,Phase 1,Phase 1,"WooCommerce, Toast, Loyverse",3,KAD-WC-009,KST-011,,,KL-LV-012,KEEP KITLUY,HET Admin Portal | Admin control plane | HET Admin operations,,,,,,
KLMF-GOV-008,GOV,KitLuy SaaS subscription billing,kitluy-admin-portal,APPROVED TARGET,PRESERVE / DEEPEN KITLUY TARGET,Phase 1,Phase 1,WooCommerce,1,KAD-WC-010,,,,,KEEP KITLUY,KitLuy SaaS subscriptions,,,,,,
KLMF-GOV-009,GOV,Location groups and targeted publication,kitluy-chain-portal,PLANNING CANDIDATE,ADOPT / ADAPT CANDIDATE,Phase 2,Phase 2 foundation; through Phase 4,Lightspeed,1,,,,KLS-LS-075,,CORE CANDIDATE,Location groups and publication targets,,,,,,
KLMF-GOV-010,GOV,Managed SaaS operating and upgrade responsibility,kitluy-admin-portal,OWNER-LOCKED,PRESERVE OWNER-LOCKED AUTHORITY,Phase 1,Phase 1,"WooCommerce, Toast, Shopify",3,KAD-WC-007,KST-008,KLS-SH-008,,,KEEP KITLUY | ADAPT,Hosted SaaS as the normal operating model | Hosted SaaS responsibility | Managed SaaS upgrade model,,,,,,
KLMF-GOV-011,GOV,Multi-store and Chain governance,kitluy-chain-portal,APPROVED TARGET,PRESERVE / DEEPEN KITLUY TARGET,Phase 1,Phase 1 foundation; through Phase 2,"WooCommerce, Toast, Loyverse",3,KCH-WC-001,KST-006,,,KL-LV-007,KEEP KITLUY,Multi-store and Chain governance | Multi-store and chain governance,,,,,,
KLMF-GOV-012,GOV,One Digital Store with multiple Store Locations,Shared Suite Governance & KitLuy Core,OWNER-LOCKED,PRESERVE OWNER-LOCKED AUTHORITY,Phase 1,Phase 1,WooCommerce,1,KLC-WC-011,,,,,ALREADY OWNER-LOCKED,One Digital Store with multiple Locations,,,,,,
KLMF-GOV-013,GOV,One Store / one primary vertical guardrail,Shared Suite Governance & KitLuy Core,OWNER-LOCKED,PRESERVE OWNER-LOCKED GUARDRAIL,Phase 1,Phase 1,"WooCommerce, Toast, Shopify, Lightspeed, Loyverse",5,KLC-WC-033,KST-005,KLS-SH-002,KLS-LS-002,KL-LV-003,KEEP KITLUY | REJECT,"One Store belongs to one primary vertical | One Store, one vertical | One Store / one primary vertical | Vertical architecture",,,,,,
KLMF-GOV-014,GOV,Online-only Digital Store launch,kitluy-partner-portal,OWNER-LOCKED,PRESERVE OWNER-LOCKED AUTHORITY,Phase 1,Phase 1,WooCommerce,1,KPP-WC-004,,,,,ALREADY OWNER-LOCKED,Online-only Partner launch,,,,,,
KLMF-GOV-015,GOV,Partner back-office product surface,kitluy-partner-portal,PLANNING CANDIDATE,ADOPT / ADAPT CANDIDATE,Phase 2,Phase 2,Toast,1,,KST-012,,,,UX IMPROVEMENT,Partner back office,,,,,,
KLMF-GOV-016,GOV,Prohibit duplicate Manager application,Shared Suite Governance & KitLuy Core,PLANNING CANDIDATE,REJECT / ARCHITECTURAL GUARDRAIL,Phase 2,Phase 2,Toast,1,,KST-024,,,,REJECT,Duplicate Manager App,,,,,,
KLMF-GOV-017,GOV,Prohibit generic Retail model from replacing regulated vertical deltas,Shared Suite Governance & KitLuy Core,PLANNING CANDIDATE,PRESERVE / DEEPEN KITLUY TARGET,Unresolved,Unresolved,Lightspeed,1,,,,KLS-LS-080,,KEEP KITLUY,Generic Retail model for Pharmacy/Grocery/Supermarket,,,,,,
KLMF-GOV-018,GOV,"Vertical roadmap, primary wedge and phase sequencing",Shared Suite Governance & KitLuy Core,OWNER-LOCKED,PRESERVE OWNER-LOCKED AUTHORITY,Phase 1,Phase 1,"WooCommerce, Toast, Loyverse",3,KLC-WC-032,KST-002,,,KL-LV-002,KEEP KITLUY,Locked eight-phase vertical roadmap | Vertical sequence | Primary wedge,,,,,,
KLMF-INT-001,INT,Included essential API access with paid advanced capacity,Shared Suite Governance & KitLuy Core,OWNER-LOCKED,PRESERVE OWNER-LOCKED AUTHORITY,Phase 3,Phase 3 and later,Lightspeed,1,,,,KLS-LS-078,,NEEDS OWNER DECISION,API access paywall as default,"Owner-confirmed B on 2026-07-24: Include essential first-party, Edge, Partner-data, export and basic connector API access; monetize advanced capacity, bulk operations, extra connectors, developer environments, premium support or dedicated SLA.",KLD-2026-07-24-001,B,2026-07-24,"Include essential first-party, Edge, Partner-data, export and basic connector API access; monetize advanced capacity, bulk operations, extra connectors, developer environments, premium support or dedicated SLA.",Security scopes and abuse controls are independent of pricing; Store Hub and terminal operations must never be commercially throttled.
KLMF-INT-002,INT,"Governed application, extension and theme platform with deferred public marketplace",Integration Hub / Developer Platform,OWNER-LOCKED,"PHASED: APPROVED FOUNDATION, DEFERRED DEPTH",Phase 3,Phase 3 foundation; public marketplace post-Phase 3,"WooCommerce, Shopify",4,KAD-WC-018; KAD-WC-019,,KLS-SH-035; KLS-SH-106,,,DEFER | NEEDS OWNER DECISION,Extensions Marketplace launch | Marketplace revenue share | Theme marketplace | App/theme marketplace and revenue share,Owner-confirmed B on 2026-07-24: Build governed first-party/private extension and theme foundations in Phase 3; defer an open public marketplace and revenue-sharing program until post-Phase 3 stability.,KLD-2026-07-24-001,B,2026-07-24,Build governed first-party/private extension and theme foundations in Phase 3; defer an open public marketplace and revenue-sharing program until post-Phase 3 stability.,"Public launch requires signing, isolation, review, compatibility, billing/tax, privacy, support, incident response and revocation readiness; no revenue-share percentage is approved."
KLMF-INT-003,INT,"Capital, lending and adjacent fintech",Shared Suite Governance & KitLuy Core,PLANNING CANDIDATE,REJECT / ARCHITECTURAL GUARDRAIL,Unresolved,Unresolved,Shopify,1,,,KLS-SH-112,,,REJECT,"Capital, lending and adjacent fintech",,,,,,
KLMF-INT-004,INT,Connector and extension isolation,Store Hub / kitluy-hub-agent,OWNER-LOCKED,PRESERVE OWNER-LOCKED AUTHORITY,Phase 3,Phase 3,Loyverse,1,,,,,KL-LV-092,KEEP KITLUY,Connector and extension isolation,,,,,,
KLMF-INT-005,INT,Connector API,Shared Suite Governance & KitLuy Core,OWNER-LOCKED,PRESERVE OWNER-LOCKED AUTHORITY,Phase 1,Phase 1,WooCommerce,1,KCA-WC-001,,,,,ALREADY OWNER-LOCKED,Connector API,,,,,,
KLMF-INT-006,INT,Connector mapping and dead letter,Shared Suite Governance & KitLuy Core,OWNER-LOCKED,PRESERVE / DEEPEN KITLUY TARGET,Phase 2,Phase 2,Toast,1,,KST-065,,,,ALREADY KITLUY-LOCKED,Connector mapping and dead letter,,,,,,
KLMF-INT-007,INT,"Connector review, certification and lifecycle",Integration Hub / Connector Platform,OWNER-LOCKED,PRESERVE OWNER-LOCKED AUTHORITY,Phase 1,Phase 1 foundation; through Phase 3,"Shopify, Lightspeed",2,,,KLS-SH-099,KLS-LS-065,,DEVELOPER PLATFORM | ADAPT,Connector API certification | Application review and connector certification,,,,,,
KLMF-INT-008,INT,Cursor pagination and rate limits,Integration Hub / Developer Platform,APPROVED TARGET,ADOPT / ADAPT CANDIDATE,Unresolved,Unresolved,Loyverse,1,,,,,KL-LV-090,CORE CANDIDATE,Cursor pagination and rate limits,,,,,,
KLMF-INT-009,INT,Date-based versions and support windows,Integration Hub / Developer Platform,PLANNING CANDIDATE,ADOPT / ADAPT CANDIDATE,Phase 3,Phase 3,Lightspeed,1,,,,KLS-LS-063,,ADOPT,Date-based versions and support windows,,,,,,
KLMF-INT-010,INT,"Durable job framework, queues, retry and dead-letter operations",Integration Hub / Developer Platform,OWNER-LOCKED,PRESERVE OWNER-LOCKED AUTHORITY,Phase 1,Phase 1,WooCommerce,4,KID-WC-002; KID-WC-003; KID-WC-004; KID-WC-005,,,,,ALREADY OWNER-LOCKED,"Dead-letter, cancellation and monitoring | Durable job framework | Named queues and scheduled jobs | Retry, uniqueness, idempotency and failure history",,,,,,
KLMF-INT-011,INT,"Durable jobs, retries, dead-letter and replay",Integration Hub / Developer Platform,OWNER-LOCKED,PRESERVE OWNER-LOCKED AUTHORITY,Phase 1,Phase 1,"Toast, Shopify",2,,KST-104,KLS-SH-107,,,ALREADY KITLUY-LOCKED | CORE CANDIDATE,Durable jobs and retries | Durable jobs and dead-letter handling,,,,,,
KLMF-INT-012,INT,Edge Operations API,Shared Suite Governance & KitLuy Core,OWNER-LOCKED,PRESERVE OWNER-LOCKED AUTHORITY,Phase 1,Phase 1,WooCommerce,1,KEO-WC-001,,,,,ALREADY OWNER-LOCKED,Edge Operations API,,,,,,
KLMF-INT-013,INT,External channels as governed projections,Integration Hub / Connector Platform,OWNER-LOCKED,PRESERVE OWNER-LOCKED AUTHORITY,Phase 1,Phase 1 foundation; through Phase 3,"WooCommerce, Shopify, Lightspeed",3,KLC-WC-006,,KLS-SH-004,KLS-LS-005,,ALREADY OWNER-LOCKED | ALREADY KITLUY-LOCKED,One authoritative KitLuy catalog | External channel projection authority | External channels as projections,,,,,,
KLMF-INT-014,INT,External delivery connectors,Shared Suite Governance & KitLuy Core,APPROVED TARGET,ADOPT / ADAPT CANDIDATE,Phase 3,Phase 3,WooCommerce,1,KCA-WC-008,,,,,HORIZONTAL AFTER PHASE 3,External delivery connectors,,,,,,
KLMF-INT-015,INT,Governed extension targets and sandboxed runtime,Integration Hub / Developer Platform,OWNER-LOCKED,PRESERVE OWNER-LOCKED AUTHORITY,Phase 1,Phase 1 foundation; through Phase 3,"WooCommerce, Shopify",5,KID-WC-012; KID-WC-019,,KLS-SH-036; KLS-SH-050; KLS-SH-104,,,ALREADY OWNER-LOCKED | ADAPT | KEEP KITLUY | DEVELOPER PLATFORM,WooCommerce actions and filters as inspiration | Event subscriptions and sandboxed runtime limits | Presentation sandbox and business-rule boundary | Checkout extension targets | Sandboxed Functions at defined targets,,,,,,
KLMF-INT-016,INT,Governed sales-channel connection,Integration Hub / Connector Platform,OWNER-LOCKED,PRESERVE OWNER-LOCKED AUTHORITY,Phase 1,Phase 1,WooCommerce,1,KID-WC-008,,,,,ALREADY OWNER-LOCKED,Governed channel connection,,,,,,
KLMF-INT-017,INT,Governed workflow automation,Integration Hub / Developer Platform,PLANNING CANDIDATE,DEFER,Phase 3,Phase 3,Shopify,1,,,KLS-SH-105,,,DEFER,Flow-style automation,,,,,,
KLMF-INT-018,INT,Idempotency and auditability,Shared Suite Governance & KitLuy Core,OWNER-LOCKED,PRESERVE OWNER-LOCKED AUTHORITY,All phases,All phases,Loyverse,1,,,,,KL-LV-093,KEEP KITLUY,Idempotency and auditability,,,,,,
KLMF-INT-019,INT,Management API,Shared Suite Governance & KitLuy Core,OWNER-LOCKED,PRESERVE OWNER-LOCKED AUTHORITY,Phase 1,Phase 1,WooCommerce,1,KMA-WC-001,,,,,ALREADY OWNER-LOCKED,Management API,,,,,,
KLMF-INT-020,INT,Management API maturity,Management API,OWNER-LOCKED,PRESERVE OWNER-LOCKED AUTHORITY,Phase 3,Phase 3,Shopify,1,,,KLS-SH-096,,,DEVELOPER PLATFORM,Management API maturity,,,,,,
KLMF-INT-021,INT,Operational events flow back to KitLuy,Shared Suite Governance & KitLuy Core,OWNER-LOCKED,PRESERVE OWNER-LOCKED AUTHORITY,Phase 1,Phase 1,WooCommerce,1,KEO-WC-002,,,,,KEEP KITLUY,Operational events flow back to KitLuy,,,,,,
KLMF-INT-022,INT,Prohibit direct database access and arbitrary in-process extensions,Integration Hub / Developer Platform,OWNER-LOCKED,REJECT / ARCHITECTURAL GUARDRAIL,Unresolved,Unresolved,WooCommerce,1,KLC-WC-093,,,,,REJECT,Direct production database access,,,,,,
KLMF-INT-023,INT,"Prohibit unversioned hooks, direct database access and arbitrary in-path code",Integration Hub / Developer Platform,OWNER-LOCKED,REJECT / ARCHITECTURAL GUARDRAIL,All phases,All phases,"WooCommerce, Toast",3,KLC-WC-096; KID-WC-025,KST-115,,,,REJECT,Generic EAV/meta as financial truth | Unversioned hooks and arbitrary callback mutation | Direct DB access or arbitrary in-path code,,,,,,
KLMF-INT-024,INT,Public resource API,Integration Hub / Developer Platform,APPROVED TARGET,ADOPT / ADAPT CANDIDATE,Phase 3,Phase 3,Loyverse,1,,,,,KL-LV-086,CORE CANDIDATE,Public resource API,,,,,,
KLMF-INT-025,INT,"Rate limits, Retry-After and request IDs",Integration Hub / Developer Platform,PLANNING CANDIDATE,ADOPT / ADAPT CANDIDATE,Phase 3,Phase 3,Lightspeed,1,,,,KLS-LS-064,,ADOPT,"Rate limits, Retry-After and request IDs",,,,,,
KLMF-INT-026,INT,Reject page-traffic-dependent scheduling,Integration Hub / Developer Platform,OWNER-LOCKED,REJECT / ARCHITECTURAL GUARDRAIL,Unresolved,Unresolved,WooCommerce,1,KID-WC-024,,,,,REJECT,Page-traffic-dependent scheduling,,,,,,
KLMF-INT-027,INT,"Resource groups, pagination and filtering",Shared Suite Governance & KitLuy Core,PLANNING CANDIDATE,ADOPT / ADAPT CANDIDATE,Phase 1,Phase 1,WooCommerce,1,KMA-WC-006,,,,,ADAPT,"Resource groups, pagination and filtering",,,,,,
KLMF-INT-028,INT,"Retries, dead-letter and endpoint suspension",KitLuy AI Gateway / MCP / RAG,PLANNING CANDIDATE,ADOPT / ADAPT CANDIDATE,Phase 1,Phase 1,WooCommerce,1,KCA-WC-006,,,,,ADOPT,"Retries, dead-letter and endpoint suspension",,,,,,
KLMF-INT-029,INT,Scheduled cleanup and retention jobs,Integration Hub / Developer Platform,PLANNING CANDIDATE,ADOPT / ADAPT CANDIDATE,Phase 1,Phase 1,WooCommerce,1,KID-WC-023,,,,,ADAPT,Daily cleanup and retention,,,,,,
KLMF-INT-030,INT,"Signed webhooks, retries and failure history",Integration Hub / Developer Platform,OWNER-LOCKED,PRESERVE OWNER-LOCKED AUTHORITY,Phase 1,Phase 1 foundation; through Phase 3,Lightspeed,1,,,,KLS-LS-066,,CORE CANDIDATE,"Signed webhooks, retries and failure history",,,,,,
KLMF-INT-031,INT,Soft deletion,Shared Suite Governance & KitLuy Core,UNRESOLVED,ADOPT / ADAPT CANDIDATE,Unresolved,Unresolved,Loyverse,1,,,,,KL-LV-091,ADAPT,Soft deletion,,,,,,
KLMF-INT-032,INT,Transactional outbox,Integration Hub / Developer Platform,PLANNING CANDIDATE,ADOPT / ADAPT CANDIDATE,Phase 1,Phase 1,WooCommerce,1,KLC-WC-012,,,,,CORE CANDIDATE,Transactional outbox,,,,,,
KLMF-INT-033,INT,Versioned domain events and webhook contracts,Integration Hub / Developer Platform,OWNER-LOCKED,PRESERVE OWNER-LOCKED AUTHORITY,Phase 1,Phase 1,"WooCommerce, Toast, Lightspeed, Loyverse",5,KID-WC-009; KID-WC-011,KST-103,,KLS-LS-007,KL-LV-089,ALREADY OWNER-LOCKED | ALREADY KITLUY-LOCKED | KEEP KITLUY,"Event scope, idempotency and audit | Versioned tenant-scoped domain events | Versioned domain events and webhooks | Versioned domain events and durable jobs | Webhooks and domain events",,,,,,
KLMF-INT-034,INT,"Webhook subscriptions, HMAC signing and delivery history",KitLuy AI Gateway / MCP / RAG,PLANNING CANDIDATE,ADOPT / ADAPT CANDIDATE,Phase 1,Phase 1,WooCommerce,1,KCA-WC-007,,,,,ADOPT,"Webhook subscriptions, HMAC signing and delivery history",,,,,,
KLMF-INT-035,INT,"Webhooks with HMAC, retry and replay",Integration Hub / Developer Platform,OWNER-LOCKED,PRESERVE OWNER-LOCKED AUTHORITY,Phase 1,Phase 1,Shopify,1,,,KLS-SH-101,,,CORE CANDIDATE,"Webhooks with HMAC, retry and replay",,,,,,
KLMF-INV-001,INV,Append-only financial events and inventory reconciliation,Shared Suite Governance & KitLuy Core,OWNER-LOCKED,PRESERVE OWNER-LOCKED AUTHORITY,Phase 1,Phase 1,WooCommerce,1,KHB-WC-006,,,,,KEEP KITLUY,Append-only financial events and inventory reconciliation,,,,,,
KLMF-INV-002,INV,Append-only inventory movement ledger and derived balances,Shared Suite Governance & KitLuy Core,OWNER-LOCKED,PRESERVE OWNER-LOCKED AUTHORITY,Phase 1,Phase 1 foundation; through Phase 4,"Toast, Shopify, Lightspeed, Loyverse",4,,KST-091,KLS-SH-068,KLS-LS-023,KL-LV-058,KEEP KITLUY | CORE CANDIDATE,Append-only stock movements | Movement ledger and derived balances | Append-only stock movements and derived balances | Append-only stock movement ledger,,,,,,
KLMF-INV-003,INV,"Batch, lot, expiry, FEFO and recall controls",Shared Suite Governance & KitLuy Core,PLANNING CANDIDATE,PRESERVE / DEEPEN KITLUY TARGET,Unresolved,Unresolved,Shopify,1,,,KLS-SH-070,,,KEEP KITLUY,"Purchasing, batch/expiry, FEFO and regulated gaps",,,,,,
KLMF-INV-004,INV,"Channel-owned inventory, customer, payment or finance truth",Shared Suite Governance & KitLuy Core,OWNER-LOCKED,REJECT / ARCHITECTURAL GUARDRAIL,Unresolved,Unresolved,WooCommerce,1,KCA-WC-009,,,,,REJECT,"Channel-owned inventory, customer, payment or finance truth",,,,,,
KLMF-INV-005,INV,"Download permissions, expiry and limits",Shared Suite Governance & KitLuy Core,PLANNING CANDIDATE,ADOPT / ADAPT CANDIDATE,Phase 3,Phase 3,WooCommerce,1,KFS-WC-003,,,,,ADOPT,"Download permissions, expiry and limits",,,,,,
KLMF-INV-006,INV,External channel owns order/customer/inventory/payment truth,Shared Suite Governance & KitLuy Core,PLANNING CANDIDATE,REJECT / ARCHITECTURAL GUARDRAIL,All phases,All phases,Toast,1,,KST-116,,,,REJECT,External channel owns order/customer/inventory/payment truth,,,,,,
KLMF-INV-007,INV,"Full, cycle and blind counts",kitluy-partner-portal,APPROVED TARGET,PRESERVE / DEEPEN KITLUY TARGET,Phase 4,Phase 4,Lightspeed,1,,,,KLS-LS-030,,ALREADY LATER-PHASE TARGET,"Full, cycle and blind counts",,,,,,
KLMF-INV-008,INV,Inventory and capacity reservation lifecycle,Shared Suite Governance & KitLuy Core,OWNER-LOCKED,"PHASED: APPROVED FOUNDATION, DEFERRED DEPTH",Phase 1,Phase 1 foundation; through Phase 3,"WooCommerce, Toast, Shopify, Lightspeed",7,KLC-WC-004; KLC-WC-013; KLC-WC-016; KLC-WC-017,KST-098,KLS-SH-047,KLS-LS-025,,ALREADY OWNER-LOCKED | DEFER | ALREADY KITLUY-LOCKED,Stock and capacity reservation | Channel reservation and Location allocation | Overselling prevention | Reservation expiry and release on failure/cancel | Reservations | Stock reservation lifecycle | Reservations and available-to-promise,,,,,,
KLMF-INV-009,INV,"Inventory condition states: in-transit, damaged and quarantined",Shared Suite Governance & KitLuy Core,OWNER-LOCKED,PRESERVE OWNER-LOCKED AUTHORITY,Phase 1,Phase 1 foundation; through Phase 3,"WooCommerce, Loyverse",2,KLC-WC-055,,,,KL-LV-065,ALREADY OWNER-LOCKED | KEEP KITLUY,"In transit, damaged and quarantined | Waste, damage and quarantine",,,,,,
KLMF-INV-010,INV,Inventory costing and valuation,Shared Suite Governance & KitLuy Core,APPROVED TARGET,ADOPT / ADAPT CANDIDATE,Phase 1,Phase 1 foundation; through Phase 4,Loyverse,3,,,,,KL-LV-061; KL-LV-080; KL-LV-062,CORE CANDIDATE | UX IMPROVEMENT,Moving-average cost | Inventory valuation | Low-stock alerts and valuation,,,,,,
KLMF-INV-011,INV,"Inventory counts, adjustments and reconciliation",Shared Suite Governance & KitLuy Core,APPROVED TARGET,ADOPT / ADAPT CANDIDATE,Phase 1,Phase 1,Loyverse,1,,,,,KL-LV-060,UX IMPROVEMENT,"Transfers, counts and adjustments",,,,,,
KLMF-INV-012,INV,Inventory transfers between Locations,Shared Suite Governance & KitLuy Core,APPROVED TARGET,PRESERVE / DEEPEN KITLUY TARGET,Phase 4,Phase 4 foundation; through Phase 7,"Shopify, Lightspeed",3,,,KLS-SH-069,KLS-LS-029; KLS-LS-031,,ALREADY LATER-PHASE TARGET,"Transfers, receiving and counts | Stock transfers with in-transit state | Reorder points and suggested purchasing/transfers",,,,,,
KLMF-INV-013,INV,KitLuy inventory authority,Shared Suite Governance & KitLuy Core,OWNER-LOCKED,PRESERVE OWNER-LOCKED AUTHORITY,Phase 1,Phase 1,WooCommerce,1,KLC-WC-014,,,,,KEEP KITLUY,KitLuy inventory authority,,,,,,
KLMF-INV-014,INV,Labels,Shared Suite Governance & KitLuy Core,APPROVED TARGET,ADOPT / ADAPT CANDIDATE,Phase 1,Phase 1 foundation; through Phase 4,Loyverse,1,,,,,KL-LV-063,UX IMPROVEMENT,Labels,,,,,,
KLMF-INV-015,INV,Location-aware inventory states,Shared Suite Governance & KitLuy Core,PLANNING CANDIDATE,ADOPT / ADAPT CANDIDATE,Phase 4,Phase 4,Shopify,1,,,KLS-SH-067,,,RETAIL FOUNDATION,Location-aware inventory states,,,,,,
KLMF-INV-016,INV,Offline inventory behavior and reconnect reconciliation,Shared Suite Governance & KitLuy Core,APPROVED TARGET,PRESERVE / DEEPEN KITLUY TARGET,Phase 1,Phase 1,WooCommerce,1,KHB-WC-005,,,,,KEEP KITLUY,Offline inventory behavior and reconnect reconciliation,,,,,,
KLMF-INV-017,INV,"On hand, reserved, available and committed",Shared Suite Governance & KitLuy Core,OWNER-LOCKED,PRESERVE OWNER-LOCKED AUTHORITY,Phase 1,Phase 1,WooCommerce,1,KLC-WC-015,,,,,ALREADY OWNER-LOCKED,"On hand, reserved, available and committed",,,,,,
KLMF-INV-018,INV,Per-Location inventory states and availability,Shared Suite Governance & KitLuy Core,OWNER-LOCKED,PRESERVE OWNER-LOCKED AUTHORITY,Phase 1,Phase 1 foundation; through Phase 4,"WooCommerce, Lightspeed",2,KLC-WC-038,,,KLS-LS-024,,ALREADY OWNER-LOCKED | ALREADY LATER-PHASE TARGET,Location inventory and service-capacity allocation | Per-Location stock states,,,,,,
KLMF-INV-019,INV,"Product, variant, price, inventory and availability mapping",Shared Suite Governance & KitLuy Core,PLANNING CANDIDATE,ADOPT / ADAPT CANDIDATE,Phase 1,Phase 1,WooCommerce,1,KCA-WC-004,,,,,CORE CANDIDATE,"Product, variant, price, inventory and availability mapping",,,,,,
KLMF-INV-020,INV,Purchase-order lifecycle,kitluy-partner-portal,APPROVED TARGET,PRESERVE / DEEPEN KITLUY TARGET,Phase 4,Phase 4,Lightspeed,1,,,,KLS-LS-026,,ALREADY LATER-PHASE TARGET,Purchase-order lifecycle,,,,,,
KLMF-INV-021,INV,"Recipes, BOM and component depletion",Shared Suite Governance & KitLuy Core,APPROVED TARGET,PRESERVE / DEEPEN KITLUY TARGET,Phase 2,Phase 2,"Toast, Lightspeed",2,,KST-092,,KLS-LS-051,,ALREADY PHASE 2 TARGET,"Recipes and ingredient depletion | Recipes, ingredient depletion, waste and food cost",,,,,,
KLMF-INV-022,INV,Serial-number tracking,Shared Suite Governance & KitLuy Core,PLANNING CANDIDATE,ADOPT / ADAPT CANDIDATE,Phase 6,Phase 6,Lightspeed,1,,,,KLS-LS-018,,LATER VERTICAL REUSE,Serial-number tracking,,,,,,
KLMF-INV-023,INV,Stale channel stock presented as live,Shared Suite Governance & KitLuy Core,OWNER-LOCKED,REJECT / ARCHITECTURAL GUARDRAIL,Unresolved,Unresolved,WooCommerce,1,KCA-WC-011,,,,,REJECT,Stale channel stock presented as live,,,,,,
KLMF-INV-024,INV,Supplier-item mapping,kitluy-partner-portal,PLANNING CANDIDATE,ADOPT / ADAPT CANDIDATE,Phase 4,Phase 4,Lightspeed,1,,,,KLS-LS-021,,RETAIL FOUNDATION,Supplier-item mapping,,,,,,
KLMF-INV-025,INV,"Suppliers, purchase orders and receiving",Shared Suite Governance & KitLuy Core,APPROVED TARGET,PRESERVE / DEEPEN KITLUY TARGET,Phase 1,Phase 1 foundation; through Phase 4,"Toast, Lightspeed, Loyverse",3,,KST-095,,KLS-LS-027,KL-LV-059,KEEP KITLUY | ADOPT | UX IMPROVEMENT,"Purchasing and receiving | Partial receiving and discrepancy workflow | Suppliers, POs and receiving",,,,,,
KLMF-INV-026,INV,"Sync queues, inventory/capacity freshness and finance reconciliation",Shared Suite Governance & KitLuy Core,OWNER-LOCKED,PRESERVE OWNER-LOCKED AUTHORITY,Phase 1,Phase 1,WooCommerce,1,KPP-WC-005,,,,,ALREADY OWNER-LOCKED,"Sync queues, inventory/capacity freshness and finance reconciliation",,,,,,
KLMF-INV-027,INV,"Waste, spoilage and variance recording",Shared Suite Governance & KitLuy Core,APPROVED TARGET,PRESERVE / DEEPEN KITLUY TARGET,Phase 2,Phase 2,Toast,1,,KST-094,,,,ALREADY PHASE 2 TARGET,Waste,,,,,,
KLMF-INV-028,INV,Weight-encoded barcode parsing,Shared Suite Governance & KitLuy Core,OWNER-LOCKED,PRESERVE OWNER-LOCKED AUTHORITY,Phase 4,Phase 4 foundation; through Phase 7,Loyverse,1,,,,,KL-LV-064,VERTICAL DELTA,Weight-encoded barcode parsing,,,,,,
KLMF-LND-001,LND,"Booking, sales and payment reports",kitluy-chain-portal,APPROVED TARGET,ADOPT / ADAPT CANDIDATE,Phase 1,Phase 1,Loyverse,1,,,,,KL-LV-078,UX IMPROVEMENT,"Booking, sales and payment reports",,,,,,
KLMF-LND-002,LND,First Booking / first value,Shared Suite Governance & KitLuy Core,APPROVED TARGET,ADOPT / ADAPT CANDIDATE,Phase 1,Phase 1,Loyverse,1,,,,,KL-LV-025,UX IMPROVEMENT,First Booking / first value,,,,,,
KLMF-LND-003,LND,"Garment records, tags and evidence",Laundry Vertical Module,APPROVED TARGET,PRESERVE / DEEPEN KITLUY TARGET,Phase 1,Phase 1,Loyverse,1,,,,,KL-LV-037,KEEP KITLUY,Receipts and garment tags,,,,,,
KLMF-LND-004,LND,Laundry Booking intake and service selection,Laundry Vertical Module,APPROVED TARGET,PRESERVE / DEEPEN KITLUY TARGET,Phase 1,Phase 1,"WooCommerce, Loyverse",2,KLAU-WC-005,,,,KL-LV-027,KEEP KITLUY | UX IMPROVEMENT,Laundry Booking terminology and schema adaptation | Service grid plus Booking panel,,,,,,
KLMF-LND-005,LND,Laundry capacity and workload planning,Laundry Vertical Module,OWNER-LOCKED,PRESERVE OWNER-LOCKED AUTHORITY,Phase 1,Phase 1,WooCommerce,1,KLAU-WC-002,,,,,ALREADY OWNER-LOCKED,"Laundry machine, staff and processing-weight capacity",,,,,,
KLMF-LND-006,LND,Laundry consumables catalog,Shared Suite Governance & KitLuy Core,APPROVED TARGET,PRESERVE / DEEPEN KITLUY TARGET,Phase 1,Phase 1,Loyverse,1,,,,,KL-LV-055,KEEP KITLUY,Laundry consumables catalog,,,,,,
KLMF-LND-007,LND,Laundry issue and resolution linkage,Laundry Vertical Module,PLANNING CANDIDATE,ADOPT / ADAPT CANDIDATE,Phase 3,Phase 3,WooCommerce,1,KSF-WC-033,,,,,ADAPT,Issue resolution linkage,,,,,,
KLMF-LND-008,LND,"Laundry issues, rewash, damage and resolution",Laundry Vertical Module,APPROVED TARGET,PRESERVE / DEEPEN KITLUY TARGET,Phase 1,Phase 1,Loyverse,1,,,,,KL-LV-052,KEEP KITLUY,"Rewash, damage and missing-item handling",,,,,,
KLMF-LND-009,LND,Laundry pickup and delivery workflow,Laundry Vertical Module,APPROVED TARGET,PRESERVE / DEEPEN KITLUY TARGET,Phase 1,Phase 1,WooCommerce,1,KLAU-WC-004,,,,,KEEP KITLUY,Laundry pickup and delivery,,,,,,
KLMF-LND-010,LND,Laundry pickup/delivery and scheduled fulfillment,Shared Suite Governance & KitLuy Core,PLANNING CANDIDATE,ADOPT / ADAPT CANDIDATE,Phase 1,Phase 1,WooCommerce,1,KLAU-WC-006,,,,,ADAPT,Laundry pickup/delivery and scheduled fulfillment,,,,,,
KLMF-LND-011,LND,Laundry Production Display,Laundry Vertical Module,APPROVED TARGET,ADOPT / ADAPT CANDIDATE,Phase 1,Phase 1,Loyverse,1,,,,,KL-LV-015,ADAPT,Laundry Production Display,,,,,,
KLMF-LND-012,LND,Laundry services and add-ons,Shared Suite Governance & KitLuy Core,APPROVED TARGET,PRESERVE / DEEPEN KITLUY TARGET,Phase 1,Phase 1,WooCommerce,1,KLAU-WC-001,,,,,KEEP KITLUY,Laundry services and add-ons,,,,,,
KLMF-LND-013,LND,Named/predefined open Bookings,kitluy-partner-portal,UNRESOLVED,ADOPT / ADAPT CANDIDATE,Phase 1,Phase 1,Loyverse,1,,,,,KL-LV-031,ADAPT,Named/predefined open Bookings,,,,,,
KLMF-LND-014,LND,T1 Intake / Cashier terminal role,kitluy-pos-desktop-app,OWNER-LOCKED,PRESERVE OWNER-LOCKED AUTHORITY,Phase 1,Phase 1,"WooCommerce, Toast, Loyverse",3,KPD-WC-002,KST-017,,,KL-LV-044,KEEP KITLUY,T1 Cashier and Intake | T1 Intake | T1 Cashier / Intake,,,,,,
KLMF-LND-015,LND,T1-T4 Laundry terminal model,kitluy-pos-desktop-app,OWNER-LOCKED,PRESERVE OWNER-LOCKED AUTHORITY,Phase 1,Phase 1,Shopify,1,,,KLS-SH-090,,,KEEP KITLUY,T1-T4 Laundry terminal model,,,,,,
KLMF-LND-016,LND,T2 Customer Display Screen,kitluy-pos-desktop-app,OWNER-LOCKED,PRESERVE OWNER-LOCKED AUTHORITY,Phase 1,Phase 1,"WooCommerce, Toast, Loyverse",4,KPD-WC-003,KST-018,,,KL-LV-014; KL-LV-045,KEEP KITLUY | UX IMPROVEMENT,T2 Customer Display Screen | T2 Customer Display,,,,,,
KLMF-LND-017,LND,T3 Clean & Ready Scan-In,kitluy-pos-desktop-app,OWNER-LOCKED,PRESERVE OWNER-LOCKED AUTHORITY,Phase 1,Phase 1,"WooCommerce, Toast, Loyverse",3,KPD-WC-004,KST-019,,,KL-LV-047,KEEP KITLUY,T3 Ready Scan-In | T3 Clean & Ready Scan-In,,,,,,
KLMF-LND-018,LND,T4 Customer Pickup Scan-Out,kitluy-pos-desktop-app,OWNER-LOCKED,PRESERVE OWNER-LOCKED AUTHORITY,Phase 1,Phase 1,"WooCommerce, Toast, Loyverse",3,KPD-WC-005,KST-020,,,KL-LV-048,KEEP KITLUY,T4 Pickup Scan-Out | T4 Customer Pickup Scan-Out,,,,,,
KLMF-LND-019,LND,Verified purchase or verified Booking marker,Shared Suite Governance & KitLuy Core,PLANNING CANDIDATE,ADOPT / ADAPT CANDIDATE,Phase 3,Phase 3,WooCommerce,1,KSF-WC-028,,,,,ADOPT,Verified purchase or verified Booking marker,,,,,,
KLMF-LOC-001,LOC,"Cambodia identity, address and timezone handling",Shared Suite Governance & KitLuy Core,OWNER-LOCKED,PRESERVE OWNER-LOCKED AUTHORITY,Phase 1,Phase 1 foundation; through Phase 3,"WooCommerce, Loyverse",3,KLC-WC-019; KLC-WC-056,,,,KL-LV-112,KEEP KITLUY | ADAPT,"Cambodian phone numbers and Asia/Phnom_Penh | Local address handling | Asia/Phnom_Penh, local connectivity and affordable hardware",,,,,,
KLMF-LOC-002,LOC,Cambodia-first market and operating model,Shared Suite Governance & KitLuy Core,OWNER-LOCKED,PRESERVE OWNER-LOCKED AUTHORITY,Phase 1,Phase 1,"WooCommerce, Toast, Shopify",3,KLC-WC-030,KST-007,KLS-SH-088,,,KEEP KITLUY,Cambodia-first market design | Cambodia-first positioning | Cambodia-first defaults and market overrides,,,,,,
KLMF-LOC-003,LOC,Khmer and English localization,Shared Suite Governance & KitLuy Core,OWNER-LOCKED,PRESERVE OWNER-LOCKED AUTHORITY,Phase 1,Phase 1,"WooCommerce, Lightspeed, Loyverse",3,KLC-WC-022,,,KLS-LS-009,KL-LV-109,KEEP KITLUY,"Khmer and English UI/content | Khmer, English, KHR, USD, KHQR and Phnom Penh time | Khmer and English UX",,,,,,
KLMF-LOC-004,LOC,KHR and USD money model,Shared Suite Governance & KitLuy Core,OWNER-LOCKED,PRESERVE OWNER-LOCKED AUTHORITY,Phase 1,Phase 1,"WooCommerce, Loyverse",2,KLC-WC-021,,,,KL-LV-110,KEEP KITLUY,KHR and USD money model | KHR and USD money,,,,,,
KLMF-MISC-001,MISC,Work-order and repair-intake vertical capability,Future qualified vertical module,PLANNING CANDIDATE,DEFER,Phase 6,Phase 6,Lightspeed,1,,,,KLS-LS-037,,DEFER,Work orders / repair intake,,,,,,
KLMF-MKT-001,MKT,"International markets, currencies and duties",Shared Suite Governance & KitLuy Core,UNRESOLVED,DEFER,Phase 3,Phase 3,Shopify,1,,,KLS-SH-087,,,DEFER,"Duties, import taxes and restrictions",,,,,,
KLMF-MKT-002,MKT,Market context and effective-dated market configuration,Shared Suite Governance & KitLuy Core,UNRESOLVED,ADOPT / ADAPT CANDIDATE,Phase 3,Phase 3,Shopify,1,,,KLS-SH-085,,,INTERNATIONAL COMMERCE,Market context model,,,,,,
KLMF-NOT-001,NOT,Abandoned cart and checkout recovery,kitluy-notification-service,APPROVED TARGET,PRESERVE / DEEPEN KITLUY TARGET,Phase 3,Phase 3,"WooCommerce, Shopify, Lightspeed",4,KSF-WC-019; KSF-WC-026,,KLS-SH-049,KLS-LS-059,,ECOMMERCE VERTICAL | ALREADY PHASE 3 TARGET,"Abandoned-cart detection and recovery | Cart, checkout and abandoned-cart conversion | Abandoned checkout recovery | Abandoned-cart recovery",,,,,,
KLMF-NOT-002,NOT,"Notification templates, consent, delivery and retry",kitluy-notification-service,APPROVED TARGET,ADOPT / ADAPT CANDIDATE,Phase 1,Phase 1,Shopify,1,,,KLS-SH-009,,,ADAPT,Email/phone signup and identity bootstrap,,,,,,
KLMF-OPS-001,OPS,Configuration and software compatibility status,kitluy-admin-portal,OWNER-LOCKED,PRESERVE OWNER-LOCKED AUTHORITY,Phase 1,Phase 1,WooCommerce,3,KAD-WC-011; KID-WC-014; KID-WC-018,,,,,ALREADY OWNER-LOCKED | CORE CANDIDATE,"Configuration/software versions and compatibility | Data scopes, API compatibility and supported verticals | API compatibility and deprecation policy",,,,,,
KLMF-OPS-002,OPS,"Connector health, incidents and reconciliation status",kitluy-admin-portal,OWNER-LOCKED,PRESERVE OWNER-LOCKED AUTHORITY,Phase 1,Phase 1,WooCommerce,1,KAD-WC-014,,,,,ALREADY OWNER-LOCKED,Connector health and reporting,,,,,,
KLMF-OPS-003,OPS,Consent-based support and Partner diagnostics,kitluy-admin-portal,APPROVED TARGET,ADOPT / ADAPT CANDIDATE,Phase 1,Phase 1,"WooCommerce, Lightspeed",2,KPP-WC-013,,,KLS-LS-071,,UX IMPROVEMENT | ADAPT,Partner-friendly diagnostics and recovery tools | Consent-based support impersonation and remote diagnostics,,,,,,
KLMF-OPS-004,OPS,"Data import, migration validation and rollback",kitluy-admin-portal,APPROVED TARGET,ADOPT / ADAPT CANDIDATE,Phase 1,Phase 1 foundation; through Phase 4,"Shopify, Lightspeed",4,,,KLS-SH-012; KLS-SH-013,KLS-LS-012; KLS-LS-011,,CORE CANDIDATE | ADOPT,Catalog/product import jobs | Customer and order migration | Migration validation and rollback | Validated catalog/customer/supplier/inventory imports,,,,,,
KLMF-OPS-005,OPS,Digital Store setup checklist,kitluy-partner-portal,APPROVED TARGET,ADOPT / ADAPT CANDIDATE,Phase 1,Phase 1,Shopify,1,,,KLS-SH-010,,,UX IMPROVEMENT,Guided Digital Store setup checklist,,,,,,
KLMF-OPS-006,OPS,Digital Store system status and component health,kitluy-admin-portal,OWNER-LOCKED,PRESERVE OWNER-LOCKED AUTHORITY,Phase 1,Phase 1 foundation; through Phase 2,"WooCommerce, Toast, Lightspeed",3,KAD-WC-008,KST-110,,KLS-LS-070,,ALREADY OWNER-LOCKED | ALREADY KITLUY-LOCKED | UX IMPROVEMENT,Digital Store System Status | Status page and component health,,,,,,
KLMF-OPS-007,OPS,Guided Partner and Digital Store creation,kitluy-partner-portal,OWNER-LOCKED,PRESERVE OWNER-LOCKED AUTHORITY,Phase 1,Phase 1,"WooCommerce, Loyverse",2,KPP-WC-001,,,,KL-LV-018,ALREADY OWNER-LOCKED | UX IMPROVEMENT,Guided Digital Store creation | Partner and Digital Store creation,,,,,,
KLMF-OPS-008,OPS,Payment and provider health,kitluy-admin-portal,OWNER-LOCKED,PRESERVE OWNER-LOCKED AUTHORITY,Phase 1,Phase 1,WooCommerce,3,KAD-WC-016; KID-WC-016; KID-WC-017,,,,,ALREADY OWNER-LOCKED,Provider health and credential expiry | Connected channels and provider health | Webhook/job failures and credential expiry,,,,,,
KLMF-OPS-009,OPS,Phase completion and Rebuild Test evidence,Shared Suite Governance & KitLuy Core,PLANNING CANDIDATE,PRESERVE / DEEPEN KITLUY TARGET,Phase 2,Phase 2,Toast,1,,KST-119,,,,KEEP KITLUY,Rebuild Test,,,,,,
KLMF-OPS-010,OPS,Physical Store go-live evidence,kitluy-admin-portal,OWNER-LOCKED,PRESERVE OWNER-LOCKED AUTHORITY,Phase 1,Phase 1,Shopify,1,,,KLS-SH-016,,,KEEP KITLUY,Physical Store go-live evidence,,,,,,
KLMF-OPS-011,OPS,"Signed releases, staged rollout, A/B installation and rollback",kitluy-admin-portal,OWNER-LOCKED,PRESERVE OWNER-LOCKED AUTHORITY,Phase 1,Phase 1,"WooCommerce, Toast, Loyverse",3,KAD-WC-004,KST-109,,,KL-LV-106,KEEP KITLUY,"Signed releases, staged rollout, A/B and rollback | Signed staged update and rollback | Signed releases, staged rollout, A/B rollback",,,,,,
KLMF-OPS-012,OPS,"Store readiness, test transaction and go-live checklist",kitluy-admin-portal,OWNER-LOCKED,PRESERVE OWNER-LOCKED AUTHORITY,Phase 1,Phase 1,"WooCommerce, Lightspeed, Loyverse",4,KPP-WC-008,,,KLS-LS-013; KLS-LS-010,KL-LV-019,ALREADY OWNER-LOCKED | UX IMPROVEMENT,Guided setup wizard and readiness checklist | Store/Location go-live checklist | Guided Digital Store readiness wizard | Store readiness checklist,,,,,,
KLMF-OPS-013,OPS,Versioned configuration publication and rollback,kitluy-admin-portal,OWNER-LOCKED,PRESERVE OWNER-LOCKED AUTHORITY,Phase 1,Phase 1 foundation; through Phase 2,"Toast, Lightspeed",2,,KST-038,,KLS-LS-008,,ALREADY KITLUY-LOCKED | UX IMPROVEMENT,Publish rollback | Versioned configuration publication and rollback,,,,,,
KLMF-PAY-001,PAY,Accelerated checkout wallet,Shared Suite Governance & KitLuy Core,UNRESOLVED,DEFER,Phase 3,Phase 3,Shopify,1,,,KLS-SH-053,,,DEFER,Accelerated checkout wallet,,,,,,
KLMF-PAY-002,PAY,"Business-date, tender, register and closure reporting",kitluy-partner-portal,PLANNING CANDIDATE,ADOPT / ADAPT CANDIDATE,Phase 1,Phase 1 foundation; through Phase 2,Lightspeed,1,,,,KLS-LS-072,,CORE CANDIDATE,"Business-date, tender, register and closure reporting",,,,,,
KLMF-PAY-003,PAY,Card and wallet provider abstraction,Shared Suite Governance & KitLuy Core,APPROVED TARGET,ADOPT / ADAPT CANDIDATE,Phase 3,Phase 3,Shopify,1,,,KLS-SH-052,,,ADAPT,Card and wallet provider abstraction,,,,,,
KLMF-PAY-004,PAY,Provider- and jurisdiction-gated card surcharge policy,Shared Suite Governance & KitLuy Core,OWNER-LOCKED,PRESERVE OWNER-LOCKED GUARDRAIL,Later / deferred phase,Disabled for initial Cambodia launch; conditional later activation,Toast,1,,KST-086,,,,NEEDS OWNER DECISION,Card surcharge,Owner-confirmed B on 2026-07-24: Card surcharges are disabled by default and for the initial Cambodia launch; future activation requires an approved country/provider policy.,KLD-2026-07-24-001,B,2026-07-24,Card surcharges are disabled by default and for the initial Cambodia launch; future activation requires an approved country/provider policy.,"Legal/accounting validation, acquirer permission, disclosure, caps, receipts, refunds, tax treatment, entitlement and audit are mandatory."
KLMF-PAY-005,PAY,Optional provider-certified card-present and contactless payments,Shared Suite Governance & KitLuy Core,OWNER-LOCKED,"PHASED: APPROVED FOUNDATION, DEFERRED DEPTH",Phase 2,Optional Phase 2/2.5 integration; not a Phase 2 launch dependency,Toast,1,,KST-074,,,,NEEDS OWNER DECISION,Card-present/contactless,"Owner-confirmed B on 2026-07-24: Approve provider-independent card-present/contactless architecture as an optional Phase 2/2.5 integration, not a launch dependency.",KLD-2026-07-24-001,B,2026-07-24,"Approve provider-independent card-present/contactless architecture as an optional Phase 2/2.5 integration, not a launch dependency.","Use a Cambodia-supported licensed provider, certified devices, tokenization, verified callbacks, settlement reconciliation and no raw card storage."
KLMF-PAY-006,PAY,"Cash, card, transfer, COD and tender methods",Shared Suite Governance & KitLuy Core,APPROVED TARGET,ADOPT / ADAPT CANDIDATE,Phase 1,Phase 1 foundation; through Phase 3,WooCommerce,1,KLC-WC-059,,,,,ECOMMERCE VERTICAL,"Card, bank transfer, COD and physical cash",,,,,,
KLMF-PAY-007,PAY,"Deposits, balances and completion settlement",Shared Suite Governance & KitLuy Core,APPROVED TARGET,PRESERVE / DEEPEN KITLUY TARGET,Phase 1,Phase 1 foundation; through Phase 6,"WooCommerce, Shopify, Loyverse",3,KLAU-WC-003,,KLS-SH-084,,KL-LV-034,KEEP KITLUY | B2B EXTENSION,"Deposits and balance payments | Payment terms, deposits and draft approval | Deposits and remaining balance",,,,,,
KLMF-PAY-008,PAY,Expected versus counted cash,Shared Suite Governance & KitLuy Core,APPROVED TARGET,ADOPT / ADAPT CANDIDATE,Phase 1,Phase 1,Loyverse,1,,,,,KL-LV-071,UX IMPROVEMENT,Expected versus counted cash,,,,,,
KLMF-PAY-009,PAY,"Gift cards, store credit and stored-value ledger",Shared Suite Governance & KitLuy Core,APPROVED TARGET,"PHASED: APPROVED FOUNDATION, DEFERRED DEPTH",Phase 2,Phase 2 foundation; through Phase 6,"WooCommerce, Toast, Shopify, Lightspeed",5,KLC-WC-090,KST-076,KLS-SH-077; KLS-SH-061,KLS-LS-038,,DEFER | RETAIL FOUNDATION | ALREADY LATER-PHASE TARGET,Digital vouchers and gift certificates | Gift cards | Gift cards and store credit | Exchanges and store credit | Gift cards and store credit ledger,,,,,,
KLMF-PAY-010,PAY,House accounts and customer credit,Shared Suite Governance & KitLuy Core,PLANNING CANDIDATE,DEFER,Phase 3,Phase 3,Toast,1,,KST-077,,,,DEFER,House accounts,,,,,,
KLMF-PAY-011,PAY,Provider-gated incremental card preauthorization,Shared Suite Governance & KitLuy Core,OWNER-LOCKED,DEFER,Phase 2.5,Deferred until card-present certification and Restaurant pilot evidence,Toast,1,,KST-051,,,,NEEDS OWNER DECISION,Incremental card preauthorization,Owner-confirmed B on 2026-07-24: Defer incremental card preauthorization to Phase 2.5 and enable only for certified providers and eligible hospitality Stores.,KLD-2026-07-24-001,B,2026-07-24,Defer incremental card preauthorization to Phase 2.5 and enable only for certified providers and eligible hospitality Stores.,"Provider support, PCI/tokenization, expiry, limits, approvals, capture/release/reversal, recovery and reconciliation are prerequisites."
KLMF-PAY-012,PAY,KHQR payment lifecycle and reconciliation,Shared Suite Governance & KitLuy Core,OWNER-LOCKED,PRESERVE OWNER-LOCKED AUTHORITY,Phase 1,Phase 1 foundation; through Phase 3,"WooCommerce, Toast, Shopify, Loyverse",7,KLC-WC-020; KLC-WC-025; KSF-WC-005,KST-073,KLS-SH-051,,KL-LV-036; KL-LV-111,KEEP KITLUY | ECOMMERCE VERTICAL | PHASE 3 HORIZONTAL,"KHQR | KHQR-first workflows | KHQR, cards, bank transfer and cash on delivery | KHQR online checkout | Cash and KHQR",,,,,,
KLMF-PAY-013,PAY,Mandatory proprietary payment processing,Shared Suite Governance & KitLuy Core,PLANNING CANDIDATE,REJECT / ARCHITECTURAL GUARDRAIL,All phases,All phases,Lightspeed,1,,,,KLS-LS-040,,REJECT,Mandatory proprietary payment processing,,,,,,
KLMF-PAY-014,PAY,Offline card capture prohibition for current roadmap,Shared Suite Governance & KitLuy Core,OWNER-LOCKED,PRESERVE OWNER-LOCKED GUARDRAIL,Out of current roadmap,Rejected unless superseded by a new owner decision and certified provider program,"Toast, Lightspeed",2,,KST-075,,KLS-LS-042,,NEEDS OWNER DECISION,Offline card capture,Owner-confirmed C on 2026-07-24: Reject offline card capture for the current roadmap.,KLD-2026-07-24-001,C,2026-07-24,Reject offline card capture for the current roadmap.,"No raw card storage, unverified offline authorization, merchant-defined offline risk or false confirmed-payment status; reconsideration requires legal, PCI, provider, fraud, encryption and reconciliation approval."
KLMF-PAY-015,PAY,Partial and line-level refunds,Shared Suite Governance & KitLuy Core,APPROVED TARGET,ADOPT / ADAPT CANDIDATE,Phase 1,Phase 1 foundation; through Phase 3,WooCommerce,1,KLC-WC-073,,,,,HORIZONTAL AFTER PHASE 3,Partial and line-level refunds,,,,,,
KLMF-PAY-016,PAY,Partial payment,Shared Suite Governance & KitLuy Core,APPROVED TARGET,PRESERVE / DEEPEN KITLUY TARGET,Phase 2,Phase 2,Toast,1,,KST-052,,,,ALREADY PHASE 2 TARGET,Partial payment,,,,,,
KLMF-PAY-017,PAY,Payment authorization/capture/refund ledger,Shared Suite Governance & KitLuy Core,APPROVED TARGET,ADOPT / ADAPT CANDIDATE,Phase 1,Phase 1 foundation; through Phase 3,Shopify,1,,,KLS-SH-054,,,CORE CANDIDATE,Payment authorization/capture/refund ledger,,,,,,
KLMF-PAY-018,PAY,"Payment failure, retry and idempotency",Shared Suite Governance & KitLuy Core,OWNER-LOCKED,PRESERVE OWNER-LOCKED AUTHORITY,Phase 1,Phase 1,WooCommerce,1,KCS-WC-005,,,,,ALREADY OWNER-LOCKED,"Payment failure, retry and idempotency",,,,,,
KLMF-PAY-019,PAY,Payment gateway abstraction and verified state,Shared Suite Governance & KitLuy Core,OWNER-LOCKED,PRESERVE OWNER-LOCKED AUTHORITY,Phase 1,Phase 1,"WooCommerce, Toast, Lightspeed",3,KLC-WC-026,KST-072,,KLS-LS-041,,CORE CANDIDATE | KEEP KITLUY,Payment gateway abstraction | Gateway abstraction | Payment gateway abstraction and verified state,,,,,,
KLMF-PAY-020,PAY,Payment orchestration,Shared Suite Governance & KitLuy Core,APPROVED TARGET,ADOPT / ADAPT CANDIDATE,Phase 1,Phase 1 foundation; through Phase 3,WooCommerce,1,KLC-WC-007,,,,,CORE CANDIDATE,Payment orchestration,,,,,,
KLMF-PAY-021,PAY,"Payment settlement, reconciliation and failure recovery",Shared Suite Governance & KitLuy Core,APPROVED TARGET,PRESERVE / DEEPEN KITLUY TARGET,Phase 1,Phase 1,WooCommerce,1,KLC-WC-027,,,,,KEEP KITLUY,Payment reconciliation and failure recovery,,,,,,
KLMF-PAY-022,PAY,Payment tokens and saved methods,Shared Suite Governance & KitLuy Core,APPROVED TARGET,ADOPT / ADAPT CANDIDATE,Phase 3,Phase 3,WooCommerce,1,KLC-WC-077,,,,,ECOMMERCE VERTICAL,Payment tokens and saved methods,,,,,,
KLMF-PAY-023,PAY,"Payment, adjustment and refund records",Shared Suite Governance & KitLuy Core,OWNER-LOCKED,PRESERVE OWNER-LOCKED AUTHORITY,Phase 1,Phase 1,WooCommerce,1,KLC-WC-043,,,,,ALREADY OWNER-LOCKED,"Payment, adjustment and refund records",,,,,,
KLMF-PAY-024,PAY,Payment-margin-led strategy and hardware margin,Shared Suite Governance & KitLuy Core,PLANNING CANDIDATE,REJECT / ARCHITECTURAL GUARDRAIL,All phases,All phases,Lightspeed,1,,,,KLS-LS-077,,REJECT,Payment-margin-led strategy and hardware margin,,,,,,
KLMF-PAY-025,PAY,Provider-independent payment software integration and orchestration,Shared Suite Governance & KitLuy Core,OWNER-LOCKED,PRESERVE OWNER-LOCKED AUTHORITY,Phase 1,Phase 1 foundation and all later phases,Toast,1,,KST-009,,,,NEEDS OWNER DECISION,Payment-processing relationship,"Owner-confirmed B on 2026-07-24: KitLuy acts as provider-independent software integrator and payment orchestrator, not merchant of record or payment facilitator.",KLD-2026-07-24-001,B,2026-07-24,"KitLuy acts as provider-independent software integrator and payment orchestrator, not merchant of record or payment facilitator.","Licensed providers process and hold funds; KitLuy owns workflow, status, audit, reconciliation and adapters without assuming settlement/chargeback liability unless a later legal decision approves it."
KLMF-PAY-026,PAY,PCI boundary and hosted/tokenized fields,Shared Suite Governance & KitLuy Core,PLANNING CANDIDATE,ADOPT / ADAPT CANDIDATE,Phase 3,Phase 3,WooCommerce,1,KSF-WC-011,,,,,ADAPT,PCI boundary and hosted/tokenized fields,,,,,,
KLMF-PAY-027,PAY,PCI boundary and provider-tokenized card data,Shared Suite Governance & KitLuy Core,PLANNING CANDIDATE,ADOPT / ADAPT CANDIDATE,Unresolved,Unresolved,Lightspeed,1,,,,KLS-LS-069,,ADAPT,PCI boundary and provider-tokenized card data,,,,,,
KLMF-PAY-028,PAY,Provider webhook verification,Shared Suite Governance & KitLuy Core,OWNER-LOCKED,PRESERVE OWNER-LOCKED AUTHORITY,Phase 1,Phase 1,Shopify,1,,,KLS-SH-055,,,CORE CANDIDATE,Provider webhook verification,,,,,,
KLMF-PAY-029,PAY,Provider-confirmed payment state and event deduplication,Shared Suite Governance & KitLuy Core,PLANNING CANDIDATE,ADOPT / ADAPT CANDIDATE,Phase 1,Phase 1,WooCommerce,2,KLC-WC-023; KLC-WC-029,,,,,CORE CANDIDATE | ADOPT,Gateway-event deduplication | Webhook-confirmed payment state,,,,,,
KLMF-PAY-030,PAY,Refund and subscription reports,Shared Suite Governance & KitLuy Core,APPROVED TARGET,ADOPT / ADAPT CANDIDATE,Phase 3,Phase 3,WooCommerce,1,KLC-WC-081,,,,,ECOMMERCE VERTICAL,Refund and subscription reports,,,,,,
KLMF-PAY-031,PAY,Register shifts and cash reconciliation,kitluy-pos-desktop-app,APPROVED TARGET,PRESERVE / DEEPEN KITLUY TARGET,Phase 4,Phase 4,Shopify,1,,,KLS-SH-093,,,ALREADY LATER-PHASE TARGET,Register shifts and cash reconciliation,,,,,,
KLMF-PAY-032,PAY,Returns separate from refunds,Shared Suite Governance & KitLuy Core,PLANNING CANDIDATE,ADOPT / ADAPT CANDIDATE,Phase 3,Phase 3 foundation; through Phase 4,Shopify,1,,,KLS-SH-060,,,RETAIL FOUNDATION,Returns separate from refunds,,,,,,
KLMF-PAY-033,PAY,Split or mixed tender,Shared Suite Governance & KitLuy Core,APPROVED TARGET,ADOPT / ADAPT CANDIDATE,Phase 1,Phase 1,Loyverse,1,,,,,KL-LV-035,UX IMPROVEMENT,Split or mixed tender,,,,,,
KLMF-PAY-034,PAY,Third-party gateway surcharge/penalty,Shared Suite Governance & KitLuy Core,PLANNING CANDIDATE,REJECT / ARCHITECTURAL GUARDRAIL,Unresolved,Unresolved,Shopify,1,,,KLS-SH-056,,,REJECT,Third-party gateway surcharge/penalty,,,,,,
KLMF-PAY-035,PAY,Unattended offline payment,Restaurant kiosk client,PLANNING CANDIDATE,REJECT / ARCHITECTURAL GUARDRAIL,Phase 2,Phase 2,Toast,1,,KST-071,,,,REJECT,Unattended offline payment,,,,,,
KLMF-PAY-036,PAY,"Voids, refunds, cancellations and comps",Shared Suite Governance & KitLuy Core,APPROVED TARGET,PRESERVE / DEEPEN KITLUY TARGET,Phase 1,Phase 1,"WooCommerce, Toast, Loyverse",4,KLC-WC-028; KLC-WC-046,KST-078,,,KL-LV-039,KEEP KITLUY | UX IMPROVEMENT,"Refund and void lifecycle | Voids, cancellations and failed transactions | Voids, refunds and comps | Refunds and voids",,,,,,
KLMF-PRC-001,PRC,"Channel, Store and Chain promotion governance",Shared Suite Governance & KitLuy Core,APPROVED TARGET,PRESERVE / DEEPEN KITLUY TARGET,Phase 2,Phase 2 foundation; through Phase 3,WooCommerce,2,KLC-WC-078; KCH-WC-003,,,,,HORIZONTAL AFTER PHASE 3 | KEEP KITLUY,Channel-specific promotions | Store and Chain-controlled promotions,,,,,,
KLMF-PRC-002,PRC,Coupons and promotion codes,Shared Suite Governance & KitLuy Core,APPROVED TARGET,ADOPT / ADAPT CANDIDATE,Phase 3,Phase 3,WooCommerce,3,KLC-WC-060; KLC-WC-080; KCS-WC-008,,,,,ECOMMERCE VERTICAL,"Coupon engine | Customer, coupon, tax and shipping reports | Cart recalculation, coupon, shipping and tax estimates",,,,,,
KLMF-PRC-003,PRC,Discount calculation and adjustment rules,Shared Suite Governance & KitLuy Core,APPROVED TARGET,PRESERVE / DEEPEN KITLUY TARGET,Phase 3,Phase 3,"WooCommerce, Shopify",2,KLC-WC-061,,KLS-SH-076,,,ECOMMERCE VERTICAL | ALREADY PHASE 3 TARGET,"Percentage, fixed-cart and fixed-product discounts | Discount codes and automatic discounts",,,,,,
KLMF-PRC-004,PRC,Exact Lightspeed pricing and feature gates,Shared Suite Governance & KitLuy Core,PLANNING CANDIDATE,REJECT / ARCHITECTURAL GUARDRAIL,All phases,All phases,Lightspeed,1,,,,KLS-LS-076,,REJECT,Exact Lightspeed pricing and feature gates,,,,,,
KLMF-PRC-005,PRC,Price books and contextual price assignment,Shared Suite Governance & KitLuy Core,APPROVED TARGET,PRESERVE / DEEPEN KITLUY TARGET,Phase 1,Phase 1 foundation; through Phase 6,"WooCommerce, Toast, Shopify, Lightspeed",4,KLC-WC-034,KST-035,KLS-SH-078,KLS-LS-022,,KEEP KITLUY | CORE CANDIDATE | B2B EXTENSION | RETAIL FOUNDATION,Price books and Laundry add-on pricing | Location/channel-specific pricing | Price books and B2B catalogs | Price books and customer-group assignment,,,,,,
KLMF-PRC-006,PRC,"Promotion eligibility, limits and scheduling",Shared Suite Governance & KitLuy Core,PLANNING CANDIDATE,ADOPT / ADAPT CANDIDATE,Phase 3,Phase 3,WooCommerce,2,KLC-WC-062; KLC-WC-079,,,,,ADOPT,"Usage, customer, product and category restrictions | Minimum/maximum spend, expiration and scheduling",,,,,,
KLMF-PRC-007,PRC,Quantity rules and volume pricing,Shared Suite Governance & KitLuy Core,UNRESOLVED,ADOPT / ADAPT CANDIDATE,Phase 3,Phase 3 foundation; through Phase 6,Shopify,1,,,KLS-SH-083,,,B2B EXTENSION,Quantity rules and volume pricing,,,,,,
KLMF-PRC-008,PRC,"Cambodia-first KitLuy pricing, plans and optional modules",Shared Suite Governance & KitLuy Core,OWNER-LOCKED,PRESERVE OWNER-LOCKED AUTHORITY,Phase 1,Phase 1 pilot economics; revised by evidence,Toast,1,,KST-113,,,,NEEDS OWNER DECISION,US Toast pricing and add-on model,"Owner-confirmed B on 2026-07-24: Use a Cambodia-first KitLuy subscription and service model informed by pilots; do not copy Toast US pricing, processor spread, proprietary hardware dependency or add-on structure.",KLD-2026-07-24-001,B,2026-07-24,"Use a Cambodia-first KitLuy subscription and service model informed by pilots; do not copy Toast US pricing, processor spread, proprietary hardware dependency or add-on structure.","Core safety, finance truth, audit, backup access and Partner data portability cannot be paywalled; hardware terms remain transparent and separate."
KLMF-PRC-009,PRC,"Vertical pricing methods, add-ons and modifiers",Shared Suite Governance & KitLuy Core,PLANNING CANDIDATE,ADOPT / ADAPT CANDIDATE,Phase 2,Phase 2,Toast,1,,KST-033,,,,ADAPT,Modifier pricing strategies,,,,,,
KLMF-REP-001,REP,Channel attribution and connector performance,Shared Suite Governance & KitLuy Core,APPROVED TARGET,ADOPT / ADAPT CANDIDATE,Phase 3,Phase 3,WooCommerce,1,KID-WC-021,,,,,ECOMMERCE VERTICAL,Channel attribution and connector performance,,,,,,
KLMF-REP-002,REP,Custom and scheduled reports,kitluy-partner-portal,PLANNING CANDIDATE,ADOPT / ADAPT CANDIDATE,Phase 3,Phase 3,Lightspeed,1,,,,KLS-LS-073,,ADAPT,Custom and scheduled reports,,,,,,
KLMF-REP-003,REP,"Data freshness, completeness and authority labels",Shared Suite Governance & KitLuy Core,OWNER-LOCKED,PRESERVE OWNER-LOCKED AUTHORITY,Phase 1,Phase 1,"WooCommerce, Toast, Shopify, Loyverse",5,KLC-WC-035; KLC-WC-040,KST-118,KLS-SH-109,,KL-LV-083,KEEP KITLUY | UX IMPROVEMENT,"Sync freshness, data completeness, exports and authority labels | Reporting completeness and cached-vs-authoritative labels | Truth/freshness labeling | Data freshness and completeness labels | Alerts and sync freshness",,,,,,
KLMF-REP-004,REP,Manager mobile workflows and approvals,kitluy-partner-app,PLANNING CANDIDATE,ADOPT / ADAPT CANDIDATE,Phase 2,Phase 2,Toast,1,,KST-013,,,,ADAPT,Manager mobile workflows,,,,,,
KLMF-REP-005,REP,Multi-location comparison and exception views,kitluy-chain-portal,PLANNING CANDIDATE,ADOPT / ADAPT CANDIDATE,Phase 1,Phase 1 foundation; through Phase 4,Lightspeed,1,,,,KLS-LS-074,,UX IMPROVEMENT,Multi-location comparison and exception views,,,,,,
KLMF-REP-006,REP,Owner and manager metrics cockpit,kitluy-partner-app,APPROVED TARGET,ADOPT / ADAPT CANDIDATE,Phase 1,Phase 1,"Lightspeed, Loyverse",3,,,,KLS-LS-014,KL-LV-011; KL-LV-082,UX IMPROVEMENT,Manager metrics surface | Owner mobile dashboard,,,,,,
KLMF-REP-007,REP,"Product, service and sales performance reporting",Shared Suite Governance & KitLuy Core,PLANNING CANDIDATE,ADOPT / ADAPT CANDIDATE,Phase 1,Phase 1 foundation; through Phase 3,WooCommerce,1,KLC-WC-063,,,,,CORE CANDIDATE,Product and service performance,,,,,,
KLMF-REP-008,REP,Reservation and fulfillment reports,Shared Suite Governance & KitLuy Core,PLANNING CANDIDATE,ADOPT / ADAPT CANDIDATE,Phase 1,Phase 1 foundation; through Phase 3,WooCommerce,1,KLC-WC-064,,,,,CORE CANDIDATE,Reservation and fulfillment reports,,,,,,
KLMF-REP-009,REP,Revenue centers and operating-segment reporting,Shared Suite Governance & KitLuy Core,PLANNING CANDIDATE,ADOPT / ADAPT CANDIDATE,Phase 2,Phase 2,Toast,1,,KST-056,,,,ADAPT,Revenue centers,,,,,,
KLMF-REP-010,REP,"Included unlimited reporting, analytics and data services",Shared Suite Governance & KitLuy Core,OWNER-LOCKED,PRESERVE OWNER-LOCKED AUTHORITY,Phase 1,All phases,Loyverse,1,,,,,KL-LV-084,NEEDS OWNER DECISION,Sales-history/export paywall,"Owner-confirmed C on 2026-07-24: All reporting, analytics and data services are included without a sales-history, export, analytics, retention or data-service paywall.",KLD-2026-07-24-001,C,2026-07-24,"All reporting, analytics and data services are included without a sales-history, export, analytics, retention or data-service paywall.","Partners retain unrestricted plan-level access to their authoritative history, exports and analytics, subject only to security, privacy, fair-use performance and abuse controls—not commercial feature gating."
KLMF-REP-011,REP,Shift and employee reports,kitluy-partner-portal,APPROVED TARGET,ADOPT / ADAPT CANDIDATE,Phase 1,Phase 1,Loyverse,1,,,,,KL-LV-079,UX IMPROVEMENT,Shift and employee reports,,,,,,
KLMF-REP-012,REP,Store comparison and Chain reporting,kitluy-chain-portal,APPROVED TARGET,PRESERVE / DEEPEN KITLUY TARGET,Phase 1,Phase 1,"WooCommerce, Loyverse",2,KCH-WC-004,,,,KL-LV-081,KEEP KITLUY | UX IMPROVEMENT,Store comparison and Chain reporting | Store comparison,,,,,,
KLMF-REP-013,REP,Unified cross-channel and vertical reporting,Shared Suite Governance & KitLuy Core,APPROVED TARGET,ADOPT / ADAPT CANDIDATE,Phase 1,Phase 1 foundation; through Phase 3,WooCommerce,1,KLC-WC-036,,,,,CORE CANDIDATE,"Unified storefront, POS and Laundry reporting",,,,,,
KLMF-RES-001,RES,Advanced modifier-group behavior,Café & Restaurant Vertical Module,PLANNING CANDIDATE,ADOPT / ADAPT CANDIDATE,Phase 2,Phase 2,Toast,2,,KST-029; KST-032,,,,ADOPT,Items shared across groups | Premodifiers,,,,,,
KLMF-RES-002,RES,"Affordable infrastructure, intermittent power/internet and cash-heavy operation",Shared Suite Governance & KitLuy Core,OWNER-LOCKED,PRESERVE OWNER-LOCKED AUTHORITY,Phase 1,Phase 1,WooCommerce,1,KLC-WC-018,,,,,KEEP KITLUY,"Affordable infrastructure, intermittent power/internet and cash-heavy operation",,,,,,
KLMF-RES-003,RES,Authoritative data in typed relational tables,Shared Suite Governance & KitLuy Core,OWNER-LOCKED,PRESERVE OWNER-LOCKED AUTHORITY,Phase 1,Phase 1,Shopify,1,,,KLS-SH-026,,,KEEP KITLUY,Authoritative data in typed relational tables,,,,,,
KLMF-RES-004,RES,Restaurant tabs with deferred optional card-backed preauthorization,Shared Suite Governance & KitLuy Core,OWNER-LOCKED,"PHASED: APPROVED FOUNDATION, DEFERRED DEPTH",Phase 2,Phase 2 non-card tabs; optional card-backed preauthorization Phase 2.5,Lightspeed,1,,,,KLS-LS-053,,NEEDS OWNER DECISION,Bar tab pre-authorization,"Owner-confirmed B on 2026-07-24: Confirm Restaurant tabs in Phase 2, while deferring card-backed preauthorization to optional Phase 2.5.",KLD-2026-07-24-001,B,2026-07-24,"Confirm Restaurant tabs in Phase 2, while deferring card-backed preauthorization to optional Phase 2.5.","Phase 2 tabs support customer/table association, staff ownership, running balance, partial payment, transfer/merge/close and audit; card backing requires certified card-present and incremental-authorization controls."
KLMF-RES-005,RES,"Catalog, pricing and currency setup",Shared Suite Governance & KitLuy Core,APPROVED TARGET,ADOPT / ADAPT CANDIDATE,Phase 1,Phase 1,WooCommerce,1,KPP-WC-006,,,,,UX IMPROVEMENT,"Catalog, pricing and currency setup",,,,,,
KLMF-RES-006,RES,"Catering leads, orders and banquet-event documents",Café & Restaurant Vertical Module,PLANNING CANDIDATE,DEFER,Later / deferred phase,Later / deferred phase,Toast,1,,KST-100,,,,DEFER,Catering leads/orders/BEO,,,,,,
KLMF-RES-007,RES,Closed-check correction and controlled reopen,Café & Restaurant Vertical Module,PLANNING CANDIDATE,ADOPT / ADAPT CANDIDATE,Phase 2,Phase 2,Toast,1,,KST-053,,,,ADAPT,Reopen and closed-check correction,,,,,,
KLMF-RES-008,RES,Course sequencing and firing,Café & Restaurant Vertical Module,APPROVED TARGET,PRESERVE / DEEPEN KITLUY TARGET,Phase 2,Phase 2,"Toast, Lightspeed",3,,KST-034; KST-057,,KLS-LS-048,,ALREADY PHASE 2 TARGET,"Courses and dayparts | Course firing | Courses, hold, send, fire and re-fire",,,,,,
KLMF-RES-009,RES,Domain activation and TLS readiness,KitLuy Storefront,APPROVED TARGET,PRESERVE / DEEPEN KITLUY TARGET,Phase 3,Phase 3,Shopify,1,,,KLS-SH-014,,,ALREADY PHASE 3 TARGET,Domain activation and TLS readiness,,,,,,
KLMF-RES-010,RES,"First publish, test checkout and go-live score",Shared Suite Governance & KitLuy Core,APPROVED TARGET,ADOPT / ADAPT CANDIDATE,Phase 1,Phase 1 foundation; through Phase 3,WooCommerce,1,KPP-WC-007,,,,,UX IMPROVEMENT,"First publish, test checkout and go-live score",,,,,,
KLMF-RES-011,RES,"Floor plans, tables, seats and guest count",Café & Restaurant Vertical Module,APPROVED TARGET,PRESERVE / DEEPEN KITLUY TARGET,Phase 2,Phase 2,"Toast, Lightspeed",3,,KST-043; KST-045,,KLS-LS-045,,ALREADY PHASE 2 TARGET | PHASE 2 VERTICAL,"Floor plans | Seats and guest count | Floor plans, tables, seats and guest count",,,,,,
KLMF-RES-012,RES,Handheld Restaurant ordering,kitluy-pos-mobile-app,PLANNING CANDIDATE,ADOPT / ADAPT CANDIDATE,Phase 2,Phase 2,Toast,1,,KST-015,,,,ADAPT,Handheld Restaurant ordering,,,,,,
KLMF-RES-013,RES,Immutable receipts/invoices,Shared Suite Governance & KitLuy Core,APPROVED TARGET,PRESERVE / DEEPEN KITLUY TARGET,Phase 1,Phase 1,Shopify,1,,,KLS-SH-062,,,KEEP KITLUY,Immutable receipts/invoices,,,,,,
KLMF-RES-014,RES,Incomplete-state handling,Shared Suite Governance & KitLuy Core,APPROVED TARGET,ADOPT / ADAPT CANDIDATE,Phase 1,Phase 1,WooCommerce,1,KPP-WC-003,,,,,UX IMPROVEMENT,Incomplete-state handling,,,,,,
KLMF-RES-015,RES,Ingredient-driven menu availability,Café & Restaurant Vertical Module,PLANNING CANDIDATE,ADOPT / ADAPT CANDIDATE,Phase 2,Phase 2,Toast,1,,KST-037,,,,ADAPT,Ingredient-driven availability,,,,,,
KLMF-RES-016,RES,"KDS bump, recall, timers and pressure visualization",Restaurant KDS client,APPROVED TARGET,ADOPT / ADAPT CANDIDATE,Phase 1,Phase 1 foundation; through Phase 2,"Toast, Loyverse",3,,KST-060; KST-061,,,KL-LV-050,ADOPT | ADAPT,"Bump and recall | Timers, warning and late thresholds | Elapsed-time pressure visualization",,,,,,
KLMF-RES-017,RES,Kitchen Display System and prep-station routing,Restaurant KDS client,APPROVED TARGET,PRESERVE / DEEPEN KITLUY TARGET,Phase 2,Phase 2,"Toast, Lightspeed",4,,KST-105; KST-022,,KLS-LS-049; KLS-LS-068,,KEEP KITLUY | ALREADY PHASE 2 TARGET | PHASE 2 VERTICAL | ADAPT,"POS/KDS/display over LAN | Restaurant KDS client | KDS station routing, timers, bump, recall and expediter | Browser-based Restaurant KDS",,,,,,
KLMF-RES-018,RES,Kitchen printing and KDS fallback,Store Hub / kitluy-hub-agent,APPROVED TARGET,PRESERVE / DEEPEN KITLUY TARGET,Phase 2,Phase 2,Lightspeed,1,,,,KLS-LS-050,,ALREADY PHASE 2 TARGET,Kitchen printing fallback,,,,,,
KLMF-RES-019,RES,Manual and quantity-based item availability (86ing),Café & Restaurant Vertical Module,APPROVED TARGET,PRESERVE / DEEPEN KITLUY TARGET,Phase 2,Phase 2,Toast,1,,KST-036,,,,ALREADY PHASE 2 TARGET,Manual and quantity 86ing,,,,,,
KLMF-RES-020,RES,Menu hierarchy,Café & Restaurant Vertical Module,APPROVED TARGET,PRESERVE / DEEPEN KITLUY TARGET,Phase 2,Phase 2,Toast,1,,KST-027,,,,ALREADY PHASE 2 TARGET,Menu hierarchy,,,,,,
KLMF-RES-021,RES,Menu versions and publish,Shared Suite Governance & KitLuy Core,PLANNING CANDIDATE,ADOPT / ADAPT CANDIDATE,Phase 2,Phase 2,Toast,1,,KST-028,,,,ADAPT,Menu versions and publish,,,,,,
KLMF-RES-022,RES,Menus and navigation trees,KitLuy Storefront,APPROVED TARGET,ADOPT / ADAPT CANDIDATE,Phase 3,Phase 3,Shopify,1,,,KLS-SH-021,,,PHASE 3 HORIZONTAL,Menus and navigation trees,,,,,,
KLMF-RES-023,RES,"Menus, groups, modifiers and combos",kitluy-partner-portal,APPROVED TARGET,PRESERVE / DEEPEN KITLUY TARGET,Phase 2,Phase 2,Lightspeed,1,,,,KLS-LS-044,,ALREADY PHASE 2 TARGET,"Menus, groups, modifiers and combos",,,,,,
KLMF-RES-024,RES,Partner registration and business verification,Shared Suite Governance & KitLuy Core,APPROVED TARGET,PRESERVE / DEEPEN KITLUY TARGET,Phase 1,Phase 1,WooCommerce,1,KAD-WC-005,,,,,KEEP KITLUY,Partner registration and business verification,,,,,,
KLMF-RES-025,RES,"Payment, shipping and tax setup",Shared Suite Governance & KitLuy Core,APPROVED TARGET,ADOPT / ADAPT CANDIDATE,Phase 1,Phase 1 foundation; through Phase 3,WooCommerce,1,KPP-WC-009,,,,,UX IMPROVEMENT,"Payment, shipping and tax setup",,,,,,
KLMF-RES-026,RES,Physical Store and Hub readiness,Shared Suite Governance & KitLuy Core,APPROVED TARGET,PRESERVE / DEEPEN KITLUY TARGET,Phase 1,Phase 1,WooCommerce,1,KAD-WC-006,,,,,KEEP KITLUY,Physical Store and Hub readiness,,,,,,
KLMF-RES-027,RES,Prep-station routing,Restaurant KDS client,APPROVED TARGET,PRESERVE / DEEPEN KITLUY TARGET,Phase 2,Phase 2,Toast,1,,KST-058,,,,ALREADY PHASE 2 TARGET,Prep-station routing,,,,,,
KLMF-RES-028,RES,"Receipt, invoice, storefront, catalog and notification localization",Shared Suite Governance & KitLuy Core,APPROVED TARGET,ADOPT / ADAPT CANDIDATE,Phase 1,Phase 1 foundation; through Phase 3,WooCommerce,1,KLC-WC-058,,,,,CORE CANDIDATE,"Receipt, invoice, storefront, catalog and notification localization",,,,,,
KLMF-RES-029,RES,"Reservations, waitlist and no-show",kitluy-partner-portal,PLANNING CANDIDATE,DEFER,Phase 2,Phase 2,Lightspeed,1,,,,KLS-LS-052,,DEFER,"Reservations, waitlist and no-show",,,,,,
KLMF-RES-030,RES,Restaurant API resource vocabulary,Café & Restaurant Vertical Module,PLANNING CANDIDATE,ADOPT / ADAPT CANDIDATE,Phase 2,Phase 2,Toast,1,,KST-102,,,,PHASE 2 VERTICAL,Restaurant API resource vocabulary,,,,,,
KLMF-RES-031,RES,"Restaurant checks, tabs and lifecycle",Café & Restaurant Vertical Module,APPROVED TARGET,PRESERVE / DEEPEN KITLUY TARGET,Phase 2,Phase 2,"Toast, Lightspeed",3,,KST-046; KST-050,,KLS-LS-047,,ALREADY PHASE 2 TARGET,"Check lifecycle | Open tabs | Checks, tabs, splits, merges and transfers",,,,,,
KLMF-RES-032,RES,Restaurant guest-display profile,Restaurant guest-display profile,PLANNING CANDIDATE,ADOPT / ADAPT CANDIDATE,Phase 2,Phase 2,Toast,2,,KST-021; KST-070,,,,PHASE 2 VERTICAL,Restaurant guest display,,,,,,
KLMF-RES-033,RES,Restaurant KDS must remain separate from Laundry T2,Café & Restaurant Vertical Module,OWNER-LOCKED,REJECT / ARCHITECTURAL GUARDRAIL,Phase 1,Phase 1,Loyverse,1,,,,,KL-LV-046,REJECT,Treating KDS as T2,,,,,,
KLMF-RES-034,RES,"Restaurant menus, modifier groups and selection rules",Café & Restaurant Vertical Module,APPROVED TARGET,PRESERVE / DEEPEN KITLUY TARGET,Phase 2,Phase 2,Toast,2,,KST-030; KST-031,,,,ALREADY PHASE 2 TARGET | PHASE 2 VERTICAL,Modifier groups | Minimum/maximum selection rules,,,,,,
KLMF-RES-035,RES,Restaurant online ordering and QR order-and-pay,KitLuy Storefront / Commerce Store API,APPROVED TARGET,PRESERVE / DEEPEN KITLUY TARGET,Phase 2,Phase 2,"Toast, Lightspeed",2,,KST-067,,KLS-LS-054,,ALREADY PHASE 2 TARGET,QR order-and-pay | Online ordering and QR order-and-pay,,,,,,
KLMF-RES-036,RES,Restaurant operating reports,Café & Restaurant Vertical Module,PLANNING CANDIDATE,ADOPT / ADAPT CANDIDATE,Phase 2,Phase 2,Toast,1,,KST-117,,,,PHASE 2 VERTICAL,Restaurant operating reports,,,,,,
KLMF-RES-037,RES,Restaurant Orders Hub and quick-order workflows,Café & Restaurant Vertical Module,APPROVED TARGET,PRESERVE / DEEPEN KITLUY TARGET,Phase 2,Phase 2,"Toast, Lightspeed",3,,KST-039; KST-063,,KLS-LS-046,,ALREADY PHASE 2 TARGET | CORE CANDIDATE | ADAPT,"Quick Order | Orders Hub | Quick Order, Table Service and Orders Hub",,,,,,
KLMF-RES-038,RES,Restaurant self-service kiosk,Restaurant kiosk client,PLANNING CANDIDATE,DEFER,Phase 2,Phase 2,Toast,1,,KST-023,,,,DEFER,Kiosk client,,,,,,
KLMF-RES-039,RES,Restaurant service periods,Café & Restaurant Vertical Module,PLANNING CANDIDATE,ADOPT / ADAPT CANDIDATE,Phase 2,Phase 2,Toast,1,,KST-055,,,,ADOPT,Service periods,,,,,,
KLMF-RES-040,RES,Restaurant Store setup and go-live readiness,Café & Restaurant Vertical Module,PLANNING CANDIDATE,ADOPT / ADAPT CANDIDATE,Phase 2,Phase 2,"Toast, Lightspeed",3,,KST-026; KST-025,,KLS-LS-043,,ADOPT | UX IMPROVEMENT | PHASE 2 VERTICAL,Restaurant go-live readiness score | Restaurant setup wizard | Restaurant Store and Location readiness,,,,,,
KLMF-RES-041,RES,Restaurant waitlist,Café & Restaurant Vertical Module,PLANNING CANDIDATE,DEFER,Phase 2,Phase 2,Toast,1,,KST-099,,,,DEFER,Waitlist,,,,,,
KLMF-RES-042,RES,Split checks,Café & Restaurant Vertical Module,APPROVED TARGET,PRESERVE / DEEPEN KITLUY TARGET,Phase 2,Phase 2,Toast,1,,KST-047,,,,ALREADY PHASE 2 TARGET,Split check,,,,,,
KLMF-RES-043,RES,"Split, merge and transfer checks",Café & Restaurant Vertical Module,APPROVED TARGET,PRESERVE / DEEPEN KITLUY TARGET,Phase 2,Phase 2,Toast,1,,KST-048,,,,ALREADY PHASE 2 TARGET,Merge checks/tables,,,,,,
KLMF-RES-044,RES,"Staff, permissions and policies setup",Shared Suite Governance & KitLuy Core,APPROVED TARGET,ADOPT / ADAPT CANDIDATE,Phase 1,Phase 1,WooCommerce,1,KPP-WC-010,,,,,UX IMPROVEMENT,"Staff, permissions and policies setup",,,,,,
KLMF-RES-045,RES,Storefront and channel readiness,Shared Suite Governance & KitLuy Core,APPROVED TARGET,ADOPT / ADAPT CANDIDATE,Phase 1,Phase 1,WooCommerce,1,KPP-WC-011,,,,,UX IMPROVEMENT,Storefront and channel readiness,,,,,,
KLMF-RES-046,RES,Storefront launch readiness,kitluy-partner-portal,APPROVED TARGET,ADOPT / ADAPT CANDIDATE,Phase 3,Phase 3,Shopify,1,,,KLS-SH-015,,,UX IMPROVEMENT,Storefront launch readiness,,,,,,
KLMF-RES-047,RES,Table states and timers,kitluy-pos-desktop-app,PLANNING CANDIDATE,ADOPT / ADAPT CANDIDATE,Phase 2,Phase 2,Toast,1,,KST-044,,,,PHASE 2 VERTICAL,Table states and timers,,,,,,
KLMF-RES-048,RES,Tableside handheld ordering,kitluy-pos-mobile-app,PLANNING CANDIDATE,ADOPT / ADAPT CANDIDATE,Phase 2,Phase 2,Toast,1,,KST-069,,,,ADAPT,Tableside handheld ordering,,,,,,
KLMF-RES-049,RES,Transfer items/check/table/employee/revenue center,kitluy-pos-desktop-app,PLANNING CANDIDATE,ADOPT / ADAPT CANDIDATE,Phase 2,Phase 2,Toast,1,,KST-049,,,,ADOPT,Transfer items/check/table/employee/revenue center,,,,,,
KLMF-SEC-001,SEC,"API credentials, OAuth, scopes and token lifecycle",Integration Hub / Developer Platform,APPROVED TARGET,ADOPT / ADAPT CANDIDATE,Phase 1,Phase 1 foundation; through Phase 3,"WooCommerce, Shopify, Lightspeed, Loyverse",6,KLC-WC-001; KID-WC-022,,KLS-SH-100,KLS-LS-062,KL-LV-087; KL-LV-088,CORE CANDIDATE | ADAPT | DEVELOPER PLATFORM,"API credentials: customer, device, Partner and connector | OAuth, personal access tokens and scoped API keys | OAuth app installation and scopes | OAuth2, granular scopes and merchant consent | OAuth 2.0 / OIDC app authorization | Personal access tokens / service credentials",,,,,,
KLMF-SEC-002,SEC,Chain-of-custody audit,Store Hub / kitluy-hub-agent,OWNER-LOCKED,PRESERVE OWNER-LOCKED AUTHORITY,Phase 1,Phase 1,Loyverse,1,,,,,KL-LV-053,KEEP KITLUY,Chain-of-custody audit,,,,,,
KLMF-SEC-003,SEC,"Employee records, roles, permissions and PIN",Shared Suite Governance & KitLuy Core,APPROVED TARGET,ADOPT / ADAPT CANDIDATE,Phase 1,Phase 1,Loyverse,1,,,,,KL-LV-066,UX IMPROVEMENT,"Employee records, roles, permissions and PIN",,,,,,
KLMF-SEC-004,SEC,POS discount approval and audit,Shared Suite Governance & KitLuy Core,APPROVED TARGET,PRESERVE / DEEPEN KITLUY TARGET,Phase 1,Phase 1,WooCommerce,1,KPD-WC-006,,,,,KEEP KITLUY,POS discount approval and audit,,,,,,
KLMF-SEC-005,SEC,Role-gated mode access,kitluy-pos-desktop-app,PLANNING CANDIDATE,ADOPT / ADAPT CANDIDATE,Phase 2,Phase 2,Toast,1,,KST-040,,,,UX IMPROVEMENT,Role-gated mode access,,,,,,
KLMF-SEC-006,SEC,Role-gated POS mode launcher,kitluy-pos-desktop-app,PLANNING CANDIDATE,ADOPT / ADAPT CANDIDATE,Phase 2,Phase 2,Toast,1,,KST-014,,,,ADOPT,Role-gated POS mode launcher,,,,,,
KLMF-SEC-007,SEC,"Roles, permissions and capability-based access",Shared Suite Governance & KitLuy Core,UNRESOLVED,ADOPT / ADAPT CANDIDATE,Phase 3,Phase 3,Shopify,1,,,KLS-SH-082,,,B2B EXTENSION,Buyer roles and permissions,,,,,,
KLMF-SEC-008,SEC,Security role vs operational job,Shared Suite Governance & KitLuy Core,PLANNING CANDIDATE,ADOPT / ADAPT CANDIDATE,Phase 2,Phase 2,Toast,1,,KST-087,,,,CORE CANDIDATE,Security role vs operational job,,,,,,
KLMF-SEC-009,SEC,Sensitive-action approval and immutable audit,Shared Suite Governance & KitLuy Core,OWNER-LOCKED,PRESERVE OWNER-LOCKED AUTHORITY,Phase 1,Phase 1,"WooCommerce, Toast, Loyverse",4,KLC-WC-024,KST-042,,,KL-LV-072; KL-LV-041,KEEP KITLUY | CORE CANDIDATE | UX IMPROVEMENT,Human approval for sensitive actions | Action-scoped manager override | Sensitive action approval and audit | Manager override,,,,,,
KLMF-SEC-010,SEC,Sensitive-action gating and audit,Shared Suite Governance & KitLuy Core,OWNER-LOCKED,PRESERVE OWNER-LOCKED AUTHORITY,Phase 1,Phase 1,Shopify,1,,,KLS-SH-110,,,CORE CANDIDATE,Sensitive-action gating and audit,,,,,,
KLMF-SEC-011,SEC,"Tenant, Store, Location, user and device isolation",Shared Suite Governance & KitLuy Core,OWNER-LOCKED,PRESERVE OWNER-LOCKED AUTHORITY,Phase 1,Phase 1,WooCommerce,1,KLC-WC-002,,,,,KEEP KITLUY,"Tenant, Store, Location and device isolation",,,,,,
KLMF-STO-001,STO,"Custom domains, subdomains and TLS",KitLuy Storefront,APPROVED TARGET,PRESERVE / DEEPEN KITLUY TARGET,Phase 3,Phase 3,"WooCommerce, Shopify",2,KSF-WC-017,,KLS-SH-032,,,ECOMMERCE VERTICAL | ALREADY PHASE 3 TARGET,Store subdomain | Custom domains and subdomains,,,,,,
KLMF-STO-002,STO,Hosted KitLuy Storefront,KitLuy Storefront,OWNER-LOCKED,PRESERVE OWNER-LOCKED AUTHORITY,Phase 3,Phase 3,"WooCommerce, Shopify, Lightspeed, Loyverse",5,KSF-WC-012; KSF-WC-015,,KLS-SH-031,KLS-LS-055,KL-LV-016,ECOMMERCE VERTICAL | ALREADY OWNER-LOCKED | ALREADY PHASE 3 TARGET | KEEP KITLUY,Hosted Storefront and customer account portal | Hosted KitLuy storefront | Hosted storefront | Hosted multilingual storefront and custom domain | Public storefront,,,,,,
KLMF-STO-003,STO,"Storefront themes, sections and publishing",KitLuy Storefront,UNRESOLVED,ADOPT / ADAPT CANDIDATE,Phase 3,Phase 3,Shopify,2,,,KLS-SH-033; KLS-SH-034,,,PHASE 3 HORIZONTAL,"Theme versioning, draft, preview and publish | Sections and blocks editor",,,,,,
KLMF-SUB-001,SUB,"Subscriptions, renewals and recurring commerce",Shared Suite Governance & KitLuy Core,APPROVED TARGET,APPROVED BASE + OWNER DECISION FOR OPTIONAL DEPTH,Phase 3,Phase 3,"WooCommerce, Shopify, Lightspeed",6,KLC-WC-084; KLC-WC-085; KSF-WC-031; KOV-WC-001,,KLS-SH-079,KLS-LS-060,,ADOPT | ECOMMERCE VERTICAL | HORIZONTAL AFTER PHASE 3 | NEEDS OWNER DECISION | ALREADY PHASE 3 TARGET,Failed-renewal dunning and retry schedules | Renewal orders and saved payment tokens | Partner-customer product subscriptions | Recurring service or Laundry plans | Selling plans and recurring commerce | Product/service subscriptions,Review source-level classifications before activation.,,,,,
KLMF-TAX-001,TAX,"Tax configuration, calculation, snapshots and reporting",Shared Suite Governance & KitLuy Core,APPROVED TARGET,APPROVED BASE + OWNER DECISION FOR OPTIONAL DEPTH,Phase 3,Phase 3,WooCommerce,8,KLC-WC-068; KLC-WC-069; KLC-WC-070; KLC-WC-086; KLC-WC-087; KLC-WC-088; KLC-WC-089; KLC-WC-095,,,,,ECOMMERCE VERTICAL | CORE CANDIDATE | ADOPT | ADAPT | NEEDS OWNER DECISION,Inclusive and exclusive pricing | Tax classes and rates | Tax exemptions and immutable tax snapshots | Location-specific tax matching | Shipping tax and compound tax | Tax calculation events and external service hook | Tax reporting and multi-market extension | Cambodia tax policy and legal validation,Review source-level classifications before activation.,,,,,
KLMF-TXN-001,TXN,Draft and manually created transactions,Shared Suite Governance & KitLuy Core,UNRESOLVED,ADOPT / ADAPT CANDIDATE,Phase 3,Phase 3,Shopify,1,,,KLS-SH-058,,,PHASE 3 HORIZONTAL,Draft/manual orders,,,,,,
KLMF-TXN-002,TXN,Draft/finalized boundary and compensating records,Shared Suite Governance & KitLuy Core,OWNER-LOCKED,PRESERVE OWNER-LOCKED AUTHORITY,Phase 1,Phase 1,WooCommerce,2,KLC-WC-041; KLC-WC-042,,,,,KEEP KITLUY,Draft versus finalized boundary | Immutable totals and compensating documents,,,,,,
KLMF-TXN-003,TXN,Layaway and special-order workflow,Shared Suite Governance & KitLuy Core,PLANNING CANDIDATE,DEFER,Phase 6,Phase 6,Lightspeed,1,,,,KLS-LS-036,,DEFER,Layaway and special orders,,,,,,
KLMF-TXN-004,TXN,Partial completion and controlled reopen,Shared Suite Governance & KitLuy Core,UNRESOLVED,ADOPT / ADAPT CANDIDATE,Phase 1,Phase 1,Loyverse,1,,,,,KL-LV-051,ADAPT,Partial completion and reopen,,,,,,
KLMF-TXN-005,TXN,Purpose-built relational transaction documents,Shared Suite Governance & KitLuy Core,OWNER-LOCKED,PRESERVE OWNER-LOCKED AUTHORITY,Phase 1,Phase 1,"WooCommerce, Lightspeed",2,KLC-WC-044,,,KLS-LS-006,,ALREADY OWNER-LOCKED | ALREADY KITLUY-LOCKED,Purpose-built transaction header and lines | Purpose-built relational transaction storage,,,,,,
KLMF-TXN-006,TXN,Transaction edits with preserved history,Shared Suite Governance & KitLuy Core,UNRESOLVED,ADOPT / ADAPT CANDIDATE,Phase 3,Phase 3,Shopify,1,,,KLS-SH-059,,,CORE CANDIDATE,Order edits with preserved history,,,,,,
KLMF-TXN-007,TXN,Transaction numbering and online/offline convergence,Shared Suite Governance & KitLuy Core,APPROVED TARGET,PRESERVE / DEEPEN KITLUY TARGET,Phase 1,Phase 1,"WooCommerce, Loyverse",2,KLC-WC-045,,,,KL-LV-043,KEEP KITLUY,Transaction numbering and online/offline convergence | Receipt numbering while offline,,,,,,
KLMF-TXN-008,TXN,Transaction status history and notes,Shared Suite Governance & KitLuy Core,PLANNING CANDIDATE,ADOPT / ADAPT CANDIDATE,Phase 1,Phase 1,WooCommerce,1,KLC-WC-074,,,,,CORE CANDIDATE,"Status history, order notes and customer-visible notes",,,,,,
KLMF-TXN-009,TXN,Unified neutral transaction document,Shared Suite Governance & KitLuy Core,APPROVED TARGET,ADOPT / ADAPT CANDIDATE,Phase 1,Phase 1 foundation; through Phase 3,Shopify,1,,,KLS-SH-057,,,CORE CANDIDATE,Unified transaction/order document,,,,,,
KLMF-WRK-001,WRK,Employee scheduling,Shared Suite Governance & KitLuy Core,PLANNING CANDIDATE,DEFER,Phase 2,Phase 2,Toast,1,,KST-089,,,,DEFER,Scheduling,,,,,,
KLMF-WRK-002,WRK,"Employee shifts, time clock and time cards",Shared Suite Governance & KitLuy Core,APPROVED TARGET,PRESERVE / DEEPEN KITLUY TARGET,Phase 1,Phase 1 foundation; through Phase 2,"Toast, Loyverse",3,,KST-081; KST-088,,,KL-LV-068,ALREADY PHASE 2 TARGET | UX IMPROVEMENT,Shifts | Time clock and breaks | Time clock and time cards,,,,,,
KLMF-WRK-003,WRK,Fast staff switching and operator identity,kitluy-pos-desktop-app,APPROVED TARGET,ADOPT / ADAPT CANDIDATE,Phase 1,Phase 1 foundation; through Phase 4,"Toast, Shopify, Loyverse",3,,KST-041,KLS-SH-091,,KL-LV-067,UX IMPROVEMENT | RETAIL FOUNDATION,Fast staff switching | Retail staff PIN and role-aware register,,,,,,
KLMF-WRK-004,WRK,Payroll export and filing integration,Shared Suite Governance & KitLuy Core,PLANNING CANDIDATE,REJECT / ARCHITECTURAL GUARDRAIL,Later / deferred phase,Later / deferred phase,Toast,1,,KST-090,,,,REJECT,Payroll filing,,,,,,
KLMF-WRK-005,WRK,Shift open/close,Shared Suite Governance & KitLuy Core,APPROVED TARGET,ADOPT / ADAPT CANDIDATE,Phase 1,Phase 1,Loyverse,1,,,,,KL-LV-069,UX IMPROVEMENT,Shift open/close,,,,,,
KLMF-WRK-006,WRK,Staff onboarding and PIN,kitluy-partner-portal,APPROVED TARGET,ADOPT / ADAPT CANDIDATE,Phase 1,Phase 1,Loyverse,1,,,,,KL-LV-024,UX IMPROVEMENT,Staff onboarding and PIN,,,,,,
